organismName	taxId	checkmSpeciesTaxId	accession	completeness	gcPercent	superkingdom	phylum	class	order	family	genus	species
Candidatus Jettenia caeni	247490		GCA_000296795.1		40.0	NA	203682 [phylum] Planctomycetota	2517206 [class] Candidatus Brocadiia	1127829 [order] Candidatus Brocadiales	1127830 [family] Candidatus Brocadiaceae	360731 [genus] Candidatus Jettenia	247490 [species] Candidatus Jettenia caeni
Candidatus Kuenenia stuttgartiensis enrichment culture clone CH1	1230344		GCA_000315095.1		40.5	NA	203682 [phylum] Planctomycetota	2517206 [class] Candidatus Brocadiia	1127829 [order] Candidatus Brocadiales	1127830 [family] Candidatus Brocadiaceae	380738 [genus] Candidatus Kuenenia	174633 [species] Candidatus Kuenenia stuttgartiensis
Candidatus Kuenenia stuttgartiensis enrichment culture clone RU1	1230345		GCA_000315115.1		41.0	NA	203682 [phylum] Planctomycetota	2517206 [class] Candidatus Brocadiia	1127829 [order] Candidatus Brocadiales	1127830 [family] Candidatus Brocadiaceae	380738 [genus] Candidatus Kuenenia	174633 [species] Candidatus Kuenenia stuttgartiensis
Candidatus Scalindua brodae	237368		GCA_000786775.1		39.5	NA	203682 [phylum] Planctomycetota	2517206 [class] Candidatus Brocadiia	1127829 [order] Candidatus Brocadiales	2897346 [family] Candidatus Scalinduaceae	236756 [genus] Candidatus Scalindua	237368 [species] Candidatus Scalindua brodae
Candidatus Brocadia sinica JPN1	1197129	795830	GCA_000949635.1	94.83	42.5	NA	203682 [phylum] Planctomycetota	2517206 [class] Candidatus Brocadiia	1127829 [order] Candidatus Brocadiales	1127830 [family] Candidatus Brocadiaceae	380240 [genus] Candidatus Brocadia	795830 [species] Candidatus Brocadia sinica
Candidatus Brocadia fulgida	380242		GCA_000987375.1		45.0	NA	203682 [phylum] Planctomycetota	2517206 [class] Candidatus Brocadiia	1127829 [order] Candidatus Brocadiales	1127830 [family] Candidatus Brocadiaceae	380240 [genus] Candidatus Brocadia	380242 [species] Candidatus Brocadia fulgida
Candidatus Brocadia sinica	795830		GCA_001567345.1		42.5	NA	203682 [phylum] Planctomycetota	2517206 [class] Candidatus Brocadiia	1127829 [order] Candidatus Brocadiales	1127830 [family] Candidatus Brocadiaceae	380240 [genus] Candidatus Brocadia	795830 [species] Candidatus Brocadia sinica
Candidatus Scalindua rubra	1872076		GCA_001723765.1		37.5	NA	203682 [phylum] Planctomycetota	2517206 [class] Candidatus Brocadiia	1127829 [order] Candidatus Brocadiales	2897346 [family] Candidatus Scalinduaceae	236756 [genus] Candidatus Scalindua	1872076 [species] Candidatus Scalindua rubra
Candidatus Brocadia sapporoensis	392547	392547	GCA_001753675.2	89.66	42.5	NA	203682 [phylum] Planctomycetota	2517206 [class] Candidatus Brocadiia	1127829 [order] Candidatus Brocadiales	1127830 [family] Candidatus Brocadiaceae	380240 [genus] Candidatus Brocadia	392547 [species] Candidatus Brocadia sapporoensis
Candidatus Brocadia carolinensis	1004156		GCA_002009475.1		43.5	NA	203682 [phylum] Planctomycetota	2517206 [class] Candidatus Brocadiia	1127829 [order] Candidatus Brocadiales	1127830 [family] Candidatus Brocadiaceae	380240 [genus] Candidatus Brocadia	1004156 [species] Candidatus Brocadia carolinensis
Candidatus Brocadia sp. UTAMX2	1961114		GCA_002050315.1		45.0	NA	203682 [phylum] Planctomycetota	2517206 [class] Candidatus Brocadiia	1127829 [order] Candidatus Brocadiales	1127830 [family] Candidatus Brocadiaceae	380240 [genus] Candidatus Brocadia	1961114 [species] Candidatus Brocadia sp. UTAMX2
Candidatus Brocadia sp. UTAMX1	1961113		GCA_002050325.1		42.5	NA	203682 [phylum] Planctomycetota	2517206 [class] Candidatus Brocadiia	1127829 [order] Candidatus Brocadiales	1127830 [family] Candidatus Brocadiaceae	380240 [genus] Candidatus Brocadia	1961113 [species] Candidatus Brocadia sp. UTAMX1
Candidatus Kuenenia stuttgartiensis	174633		GCA_002418245.1		40.5	NA	203682 [phylum] Planctomycetota	2517206 [class] Candidatus Brocadiia	1127829 [order] Candidatus Brocadiales	1127830 [family] Candidatus Brocadiaceae	380738 [genus] Candidatus Kuenenia	174633 [species] Candidatus Kuenenia stuttgartiensis
Candidatus Scalindua japonica	1284222	1284222	GCA_002443295.1	93.1	39.0	NA	203682 [phylum] Planctomycetota	2517206 [class] Candidatus Brocadiia	1127829 [order] Candidatus Brocadiales	2897346 [family] Candidatus Scalinduaceae	236756 [genus] Candidatus Scalindua	1284222 [species] Candidatus Scalindua japonica
Candidatus Scalindua rubra	1872076		GCA_002632345.1		39.5	NA	203682 [phylum] Planctomycetota	2517206 [class] Candidatus Brocadiia	1127829 [order] Candidatus Brocadiales	2897346 [family] Candidatus Scalinduaceae	236756 [genus] Candidatus Scalindua	1872076 [species] Candidatus Scalindua rubra
Candidatus Kuenenia stuttgartiensis	174633		GCA_002632395.1		40.5	NA	203682 [phylum] Planctomycetota	2517206 [class] Candidatus Brocadiia	1127829 [order] Candidatus Brocadiales	1127830 [family] Candidatus Brocadiaceae	380738 [genus] Candidatus Kuenenia	174633 [species] Candidatus Kuenenia stuttgartiensis
Candidatus Brocadia sp. R4W10303	1981507		GCA_002848945.1		42.5	NA	203682 [phylum] Planctomycetota	2517206 [class] Candidatus Brocadiia	1127829 [order] Candidatus Brocadiales	1127830 [family] Candidatus Brocadiaceae	380240 [genus] Candidatus Brocadia	1981507 [species] Candidatus Brocadia sp. R4W10303
Candidatus Brocadiaceae bacterium	2094028		GCA_003551305.1		66.5	NA	203682 [phylum] Planctomycetota	2517206 [class] Candidatus Brocadiia	1127829 [order] Candidatus Brocadiales	1127830 [family] Candidatus Brocadiaceae	NA	2094028 [species] Candidatus Brocadiaceae bacterium
Candidatus Brocadiaceae bacterium	2094028		GCA_003551385.1		50.0	NA	203682 [phylum] Planctomycetota	2517206 [class] Candidatus Brocadiia	1127829 [order] Candidatus Brocadiales	1127830 [family] Candidatus Brocadiaceae	NA	2094028 [species] Candidatus Brocadiaceae bacterium
Candidatus Brocadiaceae bacterium	2094028		GCA_003551565.1		57.0	NA	203682 [phylum] Planctomycetota	2517206 [class] Candidatus Brocadiia	1127829 [order] Candidatus Brocadiales	1127830 [family] Candidatus Brocadiaceae	NA	2094028 [species] Candidatus Brocadiaceae bacterium
Candidatus Brocadiaceae bacterium	2094028		GCA_003551785.1		48.0	NA	203682 [phylum] Planctomycetota	2517206 [class] Candidatus Brocadiia	1127829 [order] Candidatus Brocadiales	1127830 [family] Candidatus Brocadiaceae	NA	2094028 [species] Candidatus Brocadiaceae bacterium
Candidatus Brocadiaceae bacterium	2094028		GCA_003552145.1		52.5	NA	203682 [phylum] Planctomycetota	2517206 [class] Candidatus Brocadiia	1127829 [order] Candidatus Brocadiales	1127830 [family] Candidatus Brocadiaceae	NA	2094028 [species] Candidatus Brocadiaceae bacterium
Candidatus Brocadiaceae bacterium	2094028		GCA_003557395.1		59.5	NA	203682 [phylum] Planctomycetota	2517206 [class] Candidatus Brocadiia	1127829 [order] Candidatus Brocadiales	1127830 [family] Candidatus Brocadiaceae	NA	2094028 [species] Candidatus Brocadiaceae bacterium
Candidatus Brocadiaceae bacterium	2094028		GCA_003558595.1		57.0	NA	203682 [phylum] Planctomycetota	2517206 [class] Candidatus Brocadiia	1127829 [order] Candidatus Brocadiales	1127830 [family] Candidatus Brocadiaceae	NA	2094028 [species] Candidatus Brocadiaceae bacterium
Candidatus Brocadiaceae bacterium	2094028		GCA_003558815.1		55.5	NA	203682 [phylum] Planctomycetota	2517206 [class] Candidatus Brocadiia	1127829 [order] Candidatus Brocadiales	1127830 [family] Candidatus Brocadiaceae	NA	2094028 [species] Candidatus Brocadiaceae bacterium
Candidatus Brocadiaceae bacterium	2094028		GCA_003567495.1		52.5	NA	203682 [phylum] Planctomycetota	2517206 [class] Candidatus Brocadiia	1127829 [order] Candidatus Brocadiales	1127830 [family] Candidatus Brocadiaceae	NA	2094028 [species] Candidatus Brocadiaceae bacterium
Candidatus Brocadia sp.	2172549		GCA_003577195.1		45.0	NA	203682 [phylum] Planctomycetota	2517206 [class] Candidatus Brocadiia	1127829 [order] Candidatus Brocadiales	1127830 [family] Candidatus Brocadiaceae	380240 [genus] Candidatus Brocadia	2172549 [species] Candidatus Brocadia sp.
Candidatus Brocadia sp.	2172549		GCA_003577215.1		42.5	NA	203682 [phylum] Planctomycetota	2517206 [class] Candidatus Brocadiia	1127829 [order] Candidatus Brocadiales	1127830 [family] Candidatus Brocadiaceae	380240 [genus] Candidatus Brocadia	2172549 [species] Candidatus Brocadia sp.
Candidatus Brocadia sp. BROELEC01	2512248		GCA_004282735.1		42.5	NA	203682 [phylum] Planctomycetota	2517206 [class] Candidatus Brocadiia	1127829 [order] Candidatus Brocadiales	1127830 [family] Candidatus Brocadiaceae	380240 [genus] Candidatus Brocadia	2512248 [species] Candidatus Brocadia sp. BROELEC01
Candidatus Scalindua sp. SCAELEC01	2512262		GCA_004282745.1		41.0	NA	203682 [phylum] Planctomycetota	2517206 [class] Candidatus Brocadiia	1127829 [order] Candidatus Brocadiales	2897346 [family] Candidatus Scalinduaceae	236756 [genus] Candidatus Scalindua	2512262 [species] Candidatus Scalindua sp. SCAELEC01
Candidatus Scalindua sp. AMX11	2555784		GCA_004351875.1		41.0	NA	203682 [phylum] Planctomycetota	2517206 [class] Candidatus Brocadiia	1127829 [order] Candidatus Brocadiales	2897346 [family] Candidatus Scalinduaceae	236756 [genus] Candidatus Scalindua	2555784 [species] Candidatus Scalindua sp. AMX11
Candidatus Brocadiia bacterium	2517210		GCA_004525105.1		47.0	NA	203682 [phylum] Planctomycetota	2517206 [class] Candidatus Brocadiia	NA	NA	NA	2517210 [species] Candidatus Brocadiia bacterium
Candidatus Jettenia ecosi	2494326		GCA_005524015.1		40.0	NA	203682 [phylum] Planctomycetota	2517206 [class] Candidatus Brocadiia	1127829 [order] Candidatus Brocadiales	1127830 [family] Candidatus Brocadiaceae	360731 [genus] Candidatus Jettenia	2494326 [species] Candidatus Jettenia ecosi
Candidatus Brocadiia bacterium	2517210		GCA_007127285.1		65.5	NA	203682 [phylum] Planctomycetota	2517206 [class] Candidatus Brocadiia	NA	NA	NA	2517210 [species] Candidatus Brocadiia bacterium
Candidatus Brocadiia bacterium	2517210		GCA_007131925.1		60.0	NA	203682 [phylum] Planctomycetota	2517206 [class] Candidatus Brocadiia	NA	NA	NA	2517210 [species] Candidatus Brocadiia bacterium
Candidatus Brocadia sp. WS118	2040625		GCA_007618135.1		43.0	NA	203682 [phylum] Planctomycetota	2517206 [class] Candidatus Brocadiia	1127829 [order] Candidatus Brocadiales	1127830 [family] Candidatus Brocadiaceae	380240 [genus] Candidatus Brocadia	2040625 [species] Candidatus Brocadia sp. WS118
Candidatus Kuenenia stuttgartiensis	174633		GCA_007618145.1		41.0	NA	203682 [phylum] Planctomycetota	2517206 [class] Candidatus Brocadiia	1127829 [order] Candidatus Brocadiales	1127830 [family] Candidatus Brocadiaceae	380738 [genus] Candidatus Kuenenia	174633 [species] Candidatus Kuenenia stuttgartiensis
Candidatus Brocadia sp. BL1	2040626		GCA_007618155.1		42.5	NA	203682 [phylum] Planctomycetota	2517206 [class] Candidatus Brocadiia	1127829 [order] Candidatus Brocadiales	1127830 [family] Candidatus Brocadiaceae	380240 [genus] Candidatus Brocadia	2040626 [species] Candidatus Brocadia sp. BL1
Candidatus Brocadiaceae bacterium S225	2528033		GCA_007859995.1		39.5	NA	203682 [phylum] Planctomycetota	2517206 [class] Candidatus Brocadiia	1127829 [order] Candidatus Brocadiales	1127830 [family] Candidatus Brocadiaceae	NA	2528033 [species] Candidatus Brocadiaceae bacterium S225
Candidatus Brocadiaceae bacterium B188	2528032		GCA_007860005.1		42.5	NA	203682 [phylum] Planctomycetota	2517206 [class] Candidatus Brocadiia	1127829 [order] Candidatus Brocadiales	1127830 [family] Candidatus Brocadiaceae	NA	2528032 [species] Candidatus Brocadiaceae bacterium B188
Candidatus Brocadia sp. AMX2	2293635		GCA_008363395.1		42.5	NA	203682 [phylum] Planctomycetota	2517206 [class] Candidatus Brocadiia	1127829 [order] Candidatus Brocadiales	1127830 [family] Candidatus Brocadiaceae	380240 [genus] Candidatus Brocadia	2293635 [species] Candidatus Brocadia sp. AMX2
Candidatus Jettenia sp. AMX1	2293637		GCA_008363445.1		40.0	NA	203682 [phylum] Planctomycetota	2517206 [class] Candidatus Brocadiia	1127829 [order] Candidatus Brocadiales	1127830 [family] Candidatus Brocadiaceae	360731 [genus] Candidatus Jettenia	2293637 [species] Candidatus Jettenia sp. AMX1
Candidatus Scalindua sp.	2268189		GCA_008501815.1		41.0	NA	203682 [phylum] Planctomycetota	2517206 [class] Candidatus Brocadiia	1127829 [order] Candidatus Brocadiales	2897346 [family] Candidatus Scalinduaceae	236756 [genus] Candidatus Scalindua	2268189 [species] Candidatus Scalindua sp.
Candidatus Scalindua sediminis	2798304		GCA_008636105.1		38.5	NA	203682 [phylum] Planctomycetota	2517206 [class] Candidatus Brocadiia	1127829 [order] Candidatus Brocadiales	2897346 [family] Candidatus Scalinduaceae	236756 [genus] Candidatus Scalindua	2798304 [species] Candidatus Scalindua sediminis
Candidatus Brocadia sp.	2172549		GCA_008933285.1		44.0	NA	203682 [phylum] Planctomycetota	2517206 [class] Candidatus Brocadiia	1127829 [order] Candidatus Brocadiales	1127830 [family] Candidatus Brocadiaceae	380240 [genus] Candidatus Brocadia	2172549 [species] Candidatus Brocadia sp.
Candidatus Scalindua sp.	2268189		GCA_011050115.1		38.0	NA	203682 [phylum] Planctomycetota	2517206 [class] Candidatus Brocadiia	1127829 [order] Candidatus Brocadiales	2897346 [family] Candidatus Scalinduaceae	236756 [genus] Candidatus Scalindua	2268189 [species] Candidatus Scalindua sp.
Candidatus Kuenenia stuttgartiensis	174633	174633	GCA_011066545.1	94.83	41.0	NA	203682 [phylum] Planctomycetota	2517206 [class] Candidatus Brocadiia	1127829 [order] Candidatus Brocadiales	1127830 [family] Candidatus Brocadiaceae	380738 [genus] Candidatus Kuenenia	174633 [species] Candidatus Kuenenia stuttgartiensis
Candidatus Kuenenia sp.	2499824	2499824	GCA_011525635.1	88.28	40.5	NA	203682 [phylum] Planctomycetota	2517206 [class] Candidatus Brocadiia	1127829 [order] Candidatus Brocadiales	1127830 [family] Candidatus Brocadiaceae	380738 [genus] Candidatus Kuenenia	2499824 [species] Candidatus Kuenenia sp.
Candidatus Brocadia sp.	2172549		GCA_011525665.1		44.0	NA	203682 [phylum] Planctomycetota	2517206 [class] Candidatus Brocadiia	1127829 [order] Candidatus Brocadiales	1127830 [family] Candidatus Brocadiaceae	380240 [genus] Candidatus Brocadia	2172549 [species] Candidatus Brocadia sp.
Candidatus Brocadia sp.	2172549		GCA_011526495.1		42.0	NA	203682 [phylum] Planctomycetota	2517206 [class] Candidatus Brocadiia	1127829 [order] Candidatus Brocadiales	1127830 [family] Candidatus Brocadiaceae	380240 [genus] Candidatus Brocadia	2172549 [species] Candidatus Brocadia sp.
Candidatus Brocadiaceae bacterium	2094028		GCA_012728835.1		70.0	NA	203682 [phylum] Planctomycetota	2517206 [class] Candidatus Brocadiia	1127829 [order] Candidatus Brocadiales	1127830 [family] Candidatus Brocadiaceae	NA	2094028 [species] Candidatus Brocadiaceae bacterium
Candidatus Scalindua sp.	2268189		GCA_013139855.1		39.5	NA	203682 [phylum] Planctomycetota	2517206 [class] Candidatus Brocadiia	1127829 [order] Candidatus Brocadiales	2897346 [family] Candidatus Scalinduaceae	236756 [genus] Candidatus Scalindua	2268189 [species] Candidatus Scalindua sp.
Candidatus Brocadiia bacterium	2517210		GCA_013359215.1		39.0	NA	203682 [phylum] Planctomycetota	2517206 [class] Candidatus Brocadiia	NA	NA	NA	2517210 [species] Candidatus Brocadiia bacterium
Candidatus Brocadiia bacterium	2517210		GCA_013360825.1		69.0	NA	203682 [phylum] Planctomycetota	2517206 [class] Candidatus Brocadiia	NA	NA	NA	2517210 [species] Candidatus Brocadiia bacterium
Candidatus Jettenia caeni	247490		GCA_013360885.1		39.5	NA	203682 [phylum] Planctomycetota	2517206 [class] Candidatus Brocadiia	1127829 [order] Candidatus Brocadiales	1127830 [family] Candidatus Brocadiaceae	360731 [genus] Candidatus Jettenia	247490 [species] Candidatus Jettenia caeni
Candidatus Brocadia sp.	2172549		GCA_013360945.1		42.5	NA	203682 [phylum] Planctomycetota	2517206 [class] Candidatus Brocadiia	1127829 [order] Candidatus Brocadiales	1127830 [family] Candidatus Brocadiaceae	380240 [genus] Candidatus Brocadia	2172549 [species] Candidatus Brocadia sp.
Candidatus Brocadia sinica	795830		GCA_013360995.1		42.5	NA	203682 [phylum] Planctomycetota	2517206 [class] Candidatus Brocadiia	1127829 [order] Candidatus Brocadiales	1127830 [family] Candidatus Brocadiaceae	380240 [genus] Candidatus Brocadia	795830 [species] Candidatus Brocadia sinica
Candidatus Brocadia sp.	2172549		GCA_014338225.1		42.5	NA	203682 [phylum] Planctomycetota	2517206 [class] Candidatus Brocadiia	1127829 [order] Candidatus Brocadiales	1127830 [family] Candidatus Brocadiaceae	380240 [genus] Candidatus Brocadia	2172549 [species] Candidatus Brocadia sp.
Candidatus Jettenia sp.	2170669		GCA_014338295.1		40.0	NA	203682 [phylum] Planctomycetota	2517206 [class] Candidatus Brocadiia	1127829 [order] Candidatus Brocadiales	1127830 [family] Candidatus Brocadiaceae	360731 [genus] Candidatus Jettenia	2170669 [species] Candidatus Jettenia sp.
Candidatus Brocadiales bacterium	2760054		GCA_014384865.1		39.0	NA	203682 [phylum] Planctomycetota	2517206 [class] Candidatus Brocadiia	1127829 [order] Candidatus Brocadiales	NA	NA	2760054 [species] Candidatus Brocadiales bacterium
Candidatus Kuenenia stuttgartiensis	174633		GCA_014584675.1		40.5	NA	203682 [phylum] Planctomycetota	2517206 [class] Candidatus Brocadiia	1127829 [order] Candidatus Brocadiales	1127830 [family] Candidatus Brocadiaceae	380738 [genus] Candidatus Kuenenia	174633 [species] Candidatus Kuenenia stuttgartiensis
Candidatus Brocadiaceae bacterium	2094028		GCA_015661205.1		46.5	NA	203682 [phylum] Planctomycetota	2517206 [class] Candidatus Brocadiia	1127829 [order] Candidatus Brocadiales	1127830 [family] Candidatus Brocadiaceae	NA	2094028 [species] Candidatus Brocadiaceae bacterium
Candidatus Brocadia sp.	2172549		GCA_016699285.1		42.5	NA	203682 [phylum] Planctomycetota	2517206 [class] Candidatus Brocadiia	1127829 [order] Candidatus Brocadiales	1127830 [family] Candidatus Brocadiaceae	380240 [genus] Candidatus Brocadia	2172549 [species] Candidatus Brocadia sp.
Candidatus Brocadia sp. AMX1	2164146		GCA_016743735.1		42.5	NA	203682 [phylum] Planctomycetota	2517206 [class] Candidatus Brocadiia	1127829 [order] Candidatus Brocadiales	1127830 [family] Candidatus Brocadiaceae	380240 [genus] Candidatus Brocadia	2164146 [species] Candidatus Brocadia sp. AMX1
Candidatus Brocadiia bacterium	2517210		GCA_016782825.1		67.5	NA	203682 [phylum] Planctomycetota	2517206 [class] Candidatus Brocadiia	NA	NA	NA	2517210 [species] Candidatus Brocadiia bacterium
Candidatus Brocadiaceae bacterium	2094028		GCA_016844385.1		41.0	NA	203682 [phylum] Planctomycetota	2517206 [class] Candidatus Brocadiia	1127829 [order] Candidatus Brocadiales	1127830 [family] Candidatus Brocadiaceae	NA	2094028 [species] Candidatus Brocadiaceae bacterium
Candidatus Brocadia sinica	795830		GCA_016860665.1		42.5	NA	203682 [phylum] Planctomycetota	2517206 [class] Candidatus Brocadiia	1127829 [order] Candidatus Brocadiales	1127830 [family] Candidatus Brocadiaceae	380240 [genus] Candidatus Brocadia	795830 [species] Candidatus Brocadia sinica
Candidatus Jettenia caeni	247490		GCA_016861385.1		40.0	NA	203682 [phylum] Planctomycetota	2517206 [class] Candidatus Brocadiia	1127829 [order] Candidatus Brocadiales	1127830 [family] Candidatus Brocadiaceae	360731 [genus] Candidatus Jettenia	247490 [species] Candidatus Jettenia caeni
Candidatus Brocadia pituitae	2608983		GCA_017347445.1		43.5	NA	203682 [phylum] Planctomycetota	2517206 [class] Candidatus Brocadiia	1127829 [order] Candidatus Brocadiales	1127830 [family] Candidatus Brocadiaceae	380240 [genus] Candidatus Brocadia	2608983 [species] Candidatus Brocadia pituitae
Candidatus Scalindua sediminis	2798304		GCA_017368835.1		38.5	NA	203682 [phylum] Planctomycetota	2517206 [class] Candidatus Brocadiia	1127829 [order] Candidatus Brocadiales	2897346 [family] Candidatus Scalinduaceae	236756 [genus] Candidatus Scalindua	2798304 [species] Candidatus Scalindua sediminis
Candidatus Scalindua arabica	1127984		GCA_018263435.1		39.5	NA	203682 [phylum] Planctomycetota	2517206 [class] Candidatus Brocadiia	1127829 [order] Candidatus Brocadiales	2897346 [family] Candidatus Scalinduaceae	236756 [genus] Candidatus Scalindua	1127984 [species] Candidatus Scalindua arabica
Candidatus Scalindua sp.	2268189		GCA_018648405.1		39.5	NA	203682 [phylum] Planctomycetota	2517206 [class] Candidatus Brocadiia	1127829 [order] Candidatus Brocadiales	2897346 [family] Candidatus Scalinduaceae	236756 [genus] Candidatus Scalindua	2268189 [species] Candidatus Scalindua sp.
Candidatus Scalindua sp.	2268189		GCA_018655105.1		39.5	NA	203682 [phylum] Planctomycetota	2517206 [class] Candidatus Brocadiia	1127829 [order] Candidatus Brocadiales	2897346 [family] Candidatus Scalinduaceae	236756 [genus] Candidatus Scalindua	2268189 [species] Candidatus Scalindua sp.
Candidatus Scalindua sp.	2268189		GCA_018662645.1		39.0	NA	203682 [phylum] Planctomycetota	2517206 [class] Candidatus Brocadiia	1127829 [order] Candidatus Brocadiales	2897346 [family] Candidatus Scalinduaceae	236756 [genus] Candidatus Scalindua	2268189 [species] Candidatus Scalindua sp.
Candidatus Scalindua sp.	2268189		GCA_018669395.1		39.0	NA	203682 [phylum] Planctomycetota	2517206 [class] Candidatus Brocadiia	1127829 [order] Candidatus Brocadiales	2897346 [family] Candidatus Scalinduaceae	236756 [genus] Candidatus Scalindua	2268189 [species] Candidatus Scalindua sp.
Candidatus Scalindua sp.	2268189		GCA_018670825.1		39.5	NA	203682 [phylum] Planctomycetota	2517206 [class] Candidatus Brocadiia	1127829 [order] Candidatus Brocadiales	2897346 [family] Candidatus Scalinduaceae	236756 [genus] Candidatus Scalindua	2268189 [species] Candidatus Scalindua sp.
Candidatus Scalindua sp.	2268189		GCA_018675875.1		39.0	NA	203682 [phylum] Planctomycetota	2517206 [class] Candidatus Brocadiia	1127829 [order] Candidatus Brocadiales	2897346 [family] Candidatus Scalinduaceae	236756 [genus] Candidatus Scalindua	2268189 [species] Candidatus Scalindua sp.
Candidatus Scalindua sp.	2268189		GCA_018697755.1		38.0	NA	203682 [phylum] Planctomycetota	2517206 [class] Candidatus Brocadiia	1127829 [order] Candidatus Brocadiales	2897346 [family] Candidatus Scalinduaceae	236756 [genus] Candidatus Scalindua	2268189 [species] Candidatus Scalindua sp.
Candidatus Scalindua sp.	2268189		GCA_018700855.1		38.5	NA	203682 [phylum] Planctomycetota	2517206 [class] Candidatus Brocadiia	1127829 [order] Candidatus Brocadiales	2897346 [family] Candidatus Scalinduaceae	236756 [genus] Candidatus Scalindua	2268189 [species] Candidatus Scalindua sp.
Candidatus Brocadia fulgida	380242		GCA_019186885.1		45.0	NA	203682 [phylum] Planctomycetota	2517206 [class] Candidatus Brocadiia	1127829 [order] Candidatus Brocadiales	1127830 [family] Candidatus Brocadiaceae	380240 [genus] Candidatus Brocadia	380242 [species] Candidatus Brocadia fulgida
Candidatus Kuenenia stuttgartiensis	174633		GCA_019454545.1		40.0	NA	203682 [phylum] Planctomycetota	2517206 [class] Candidatus Brocadiia	1127829 [order] Candidatus Brocadiales	1127830 [family] Candidatus Brocadiaceae	380738 [genus] Candidatus Kuenenia	174633 [species] Candidatus Kuenenia stuttgartiensis
Candidatus Brocadia sapporoensis	392547		GCA_019455295.1		42.0	NA	203682 [phylum] Planctomycetota	2517206 [class] Candidatus Brocadiia	1127829 [order] Candidatus Brocadiales	1127830 [family] Candidatus Brocadiaceae	380240 [genus] Candidatus Brocadia	392547 [species] Candidatus Brocadia sapporoensis
Candidatus Scalindua rubra	1872076		GCA_019911885.1		39.5	NA	203682 [phylum] Planctomycetota	2517206 [class] Candidatus Brocadiia	1127829 [order] Candidatus Brocadiales	2897346 [family] Candidatus Scalinduaceae	236756 [genus] Candidatus Scalindua	1872076 [species] Candidatus Scalindua rubra
Candidatus Kuenenia stuttgartiensis	174633		GCA_019912215.1		40.5	NA	203682 [phylum] Planctomycetota	2517206 [class] Candidatus Brocadiia	1127829 [order] Candidatus Brocadiales	1127830 [family] Candidatus Brocadiaceae	380738 [genus] Candidatus Kuenenia	174633 [species] Candidatus Kuenenia stuttgartiensis
Candidatus Brocadiia bacterium	2517210		GCA_020051675.1		47.5	NA	203682 [phylum] Planctomycetota	2517206 [class] Candidatus Brocadiia	NA	NA	NA	2517210 [species] Candidatus Brocadiia bacterium
Candidatus Brocadiia bacterium	2517210		GCA_020053535.1		52.5	NA	203682 [phylum] Planctomycetota	2517206 [class] Candidatus Brocadiia	NA	NA	NA	2517210 [species] Candidatus Brocadiia bacterium
Candidatus Brocadiia bacterium	2517210		GCA_020056505.1		48.0	NA	203682 [phylum] Planctomycetota	2517206 [class] Candidatus Brocadiia	NA	NA	NA	2517210 [species] Candidatus Brocadiia bacterium
Candidatus Brocadiia bacterium	2517210		GCA_020056785.1		49.5	NA	203682 [phylum] Planctomycetota	2517206 [class] Candidatus Brocadiia	NA	NA	NA	2517210 [species] Candidatus Brocadiia bacterium
Candidatus Brocadiia bacterium	2517210		GCA_020062035.1		40.5	NA	203682 [phylum] Planctomycetota	2517206 [class] Candidatus Brocadiia	NA	NA	NA	2517210 [species] Candidatus Brocadiia bacterium
Candidatus Brocadiia bacterium	2517210		GCA_020063115.1		57.0	NA	203682 [phylum] Planctomycetota	2517206 [class] Candidatus Brocadiia	NA	NA	NA	2517210 [species] Candidatus Brocadiia bacterium
Candidatus Bathyanammoxibius sp.	2983804		GCA_020555905.1		52.5	NA	203682 [phylum] Planctomycetota	2517206 [class] Candidatus Brocadiia	1127829 [order] Candidatus Brocadiales	2983801 [family] Candidatus Bathyanammoxibiaceae	2983802 [genus] Candidatus Bathyanammoxibius	2983804 [species] Candidatus Bathyanammoxibius sp.
Candidatus Kuenenia stuttgartiensis	174633		GCA_020723505.1		61.5	NA	203682 [phylum] Planctomycetota	2517206 [class] Candidatus Brocadiia	1127829 [order] Candidatus Brocadiales	1127830 [family] Candidatus Brocadiaceae	380738 [genus] Candidatus Kuenenia	174633 [species] Candidatus Kuenenia stuttgartiensis
Candidatus Anammoxoglobus sp.	2883556		GCA_020724075.1		59.5	NA	203682 [phylum] Planctomycetota	2517206 [class] Candidatus Brocadiia	1127829 [order] Candidatus Brocadiales	1127830 [family] Candidatus Brocadiaceae	363278 [genus] Candidatus Anammoxoglobus	2883556 [species] Candidatus Anammoxoglobus sp.
Candidatus Brocadia sp.	2172549		GCA_020846915.1		45.0	NA	203682 [phylum] Planctomycetota	2517206 [class] Candidatus Brocadiia	1127829 [order] Candidatus Brocadiales	1127830 [family] Candidatus Brocadiaceae	380240 [genus] Candidatus Brocadia	2172549 [species] Candidatus Brocadia sp.
Candidatus Brocadia sp.	2172549		GCA_020851875.1		43.5	NA	203682 [phylum] Planctomycetota	2517206 [class] Candidatus Brocadiia	1127829 [order] Candidatus Brocadiales	1127830 [family] Candidatus Brocadiaceae	380240 [genus] Candidatus Brocadia	2172549 [species] Candidatus Brocadia sp.
Candidatus Brocadia sp.	2172549		GCA_020851925.1		42.0	NA	203682 [phylum] Planctomycetota	2517206 [class] Candidatus Brocadiia	1127829 [order] Candidatus Brocadiales	1127830 [family] Candidatus Brocadiaceae	380240 [genus] Candidatus Brocadia	2172549 [species] Candidatus Brocadia sp.
Candidatus Brocadia sp. AMX3	2293636		GCA_021405145.1		45.0	NA	203682 [phylum] Planctomycetota	2517206 [class] Candidatus Brocadiia	1127829 [order] Candidatus Brocadiales	1127830 [family] Candidatus Brocadiaceae	380240 [genus] Candidatus Brocadia	2293636 [species] Candidatus Brocadia sp. AMX3
Candidatus Brocadia sp. AMX2	2293635		GCA_021405165.1		42.5	NA	203682 [phylum] Planctomycetota	2517206 [class] Candidatus Brocadiia	1127829 [order] Candidatus Brocadiales	1127830 [family] Candidatus Brocadiaceae	380240 [genus] Candidatus Brocadia	2293635 [species] Candidatus Brocadia sp. AMX2
Candidatus Jettenia sp. AMX1	2293637		GCA_021405185.1		40.0	NA	203682 [phylum] Planctomycetota	2517206 [class] Candidatus Brocadiia	1127829 [order] Candidatus Brocadiales	1127830 [family] Candidatus Brocadiaceae	360731 [genus] Candidatus Jettenia	2293637 [species] Candidatus Jettenia sp. AMX1
Candidatus Brocadia sp.	2172549		GCA_021463075.1		45.0	NA	203682 [phylum] Planctomycetota	2517206 [class] Candidatus Brocadiia	1127829 [order] Candidatus Brocadiales	1127830 [family] Candidatus Brocadiaceae	380240 [genus] Candidatus Brocadia	2172549 [species] Candidatus Brocadia sp.
Candidatus Brocadia sp.	2172549		GCA_021463785.1		42.0	NA	203682 [phylum] Planctomycetota	2517206 [class] Candidatus Brocadiia	1127829 [order] Candidatus Brocadiales	1127830 [family] Candidatus Brocadiaceae	380240 [genus] Candidatus Brocadia	2172549 [species] Candidatus Brocadia sp.
Candidatus Brocadia sp.	2172549		GCA_021463795.1		43.5	NA	203682 [phylum] Planctomycetota	2517206 [class] Candidatus Brocadiia	1127829 [order] Candidatus Brocadiales	1127830 [family] Candidatus Brocadiaceae	380240 [genus] Candidatus Brocadia	2172549 [species] Candidatus Brocadia sp.
Candidatus Loosdrechtia aerotolerans	2916758		GCA_021646405.1		41.0	NA	203682 [phylum] Planctomycetota	2517206 [class] Candidatus Brocadiia	1127829 [order] Candidatus Brocadiales	1127830 [family] Candidatus Brocadiaceae	2982586 [genus] Candidatus Loosdrechtia	2916758 [species] Candidatus Loosdrechtia aerotolerans
Candidatus Brocadia sp.	2172549		GCA_021646415.1		42.0	NA	203682 [phylum] Planctomycetota	2517206 [class] Candidatus Brocadiia	1127829 [order] Candidatus Brocadiales	1127830 [family] Candidatus Brocadiaceae	380240 [genus] Candidatus Brocadia	2172549 [species] Candidatus Brocadia sp.
Candidatus Kuenenia stuttgartiensis	174633		GCA_021646445.1		40.5	NA	203682 [phylum] Planctomycetota	2517206 [class] Candidatus Brocadiia	1127829 [order] Candidatus Brocadiales	1127830 [family] Candidatus Brocadiaceae	380738 [genus] Candidatus Kuenenia	174633 [species] Candidatus Kuenenia stuttgartiensis
Candidatus Kuenenia hertensis	2996012		GCA_021646465.1		39.5	NA	203682 [phylum] Planctomycetota	2517206 [class] Candidatus Brocadiia	1127829 [order] Candidatus Brocadiales	1127830 [family] Candidatus Brocadiaceae	380738 [genus] Candidatus Kuenenia	2996012 [species] Candidatus Kuenenia hertensis
Candidatus Jettenia sp.	2170669		GCA_021650895.1		39.5	NA	203682 [phylum] Planctomycetota	2517206 [class] Candidatus Brocadiia	1127829 [order] Candidatus Brocadiales	1127830 [family] Candidatus Brocadiaceae	360731 [genus] Candidatus Jettenia	2170669 [species] Candidatus Jettenia sp.
Candidatus Brocadia sp.	2172549		GCA_021650915.1		45.0	NA	203682 [phylum] Planctomycetota	2517206 [class] Candidatus Brocadiia	1127829 [order] Candidatus Brocadiales	1127830 [family] Candidatus Brocadiaceae	380240 [genus] Candidatus Brocadia	2172549 [species] Candidatus Brocadia sp.
Candidatus Scalindua sp.	2268189		GCA_021776875.1		39.0	NA	203682 [phylum] Planctomycetota	2517206 [class] Candidatus Brocadiia	1127829 [order] Candidatus Brocadiales	2897346 [family] Candidatus Scalinduaceae	236756 [genus] Candidatus Scalindua	2268189 [species] Candidatus Scalindua sp.
Candidatus Scalindua sp.	2268189		GCA_021776915.1		40.0	NA	203682 [phylum] Planctomycetota	2517206 [class] Candidatus Brocadiia	1127829 [order] Candidatus Brocadiales	2897346 [family] Candidatus Scalinduaceae	236756 [genus] Candidatus Scalindua	2268189 [species] Candidatus Scalindua sp.
Candidatus Scalindua sp.	2268189		GCA_021776955.1		40.0	NA	203682 [phylum] Planctomycetota	2517206 [class] Candidatus Brocadiia	1127829 [order] Candidatus Brocadiales	2897346 [family] Candidatus Scalinduaceae	236756 [genus] Candidatus Scalindua	2268189 [species] Candidatus Scalindua sp.
Candidatus Scalindua sp.	2268189		GCA_021777035.1		39.5	NA	203682 [phylum] Planctomycetota	2517206 [class] Candidatus Brocadiia	1127829 [order] Candidatus Brocadiales	2897346 [family] Candidatus Scalinduaceae	236756 [genus] Candidatus Scalindua	2268189 [species] Candidatus Scalindua sp.
Candidatus Anammoxibacter sp.	2945017		GCA_021777055.1		37.5	NA	203682 [phylum] Planctomycetota	2517206 [class] Candidatus Brocadiia	1127829 [order] Candidatus Brocadiales	2945014 [family] Candidatus Anammoxibacteraceae	2945015 [genus] Candidatus Anammoxibacter	2945017 [species] Candidatus Anammoxibacter sp.
Candidatus Anammoxibacter sp.	2945017		GCA_021777075.1		35.5	NA	203682 [phylum] Planctomycetota	2517206 [class] Candidatus Brocadiia	1127829 [order] Candidatus Brocadiales	2945014 [family] Candidatus Anammoxibacteraceae	2945015 [genus] Candidatus Anammoxibacter	2945017 [species] Candidatus Anammoxibacter sp.
Candidatus Anammoxibacter sp.	2945017		GCA_021777105.1		40.5	NA	203682 [phylum] Planctomycetota	2517206 [class] Candidatus Brocadiia	1127829 [order] Candidatus Brocadiales	2945014 [family] Candidatus Anammoxibacteraceae	2945015 [genus] Candidatus Anammoxibacter	2945017 [species] Candidatus Anammoxibacter sp.
Candidatus Brocadia sinica	795830		GCA_022180465.1		42.5	NA	203682 [phylum] Planctomycetota	2517206 [class] Candidatus Brocadiia	1127829 [order] Candidatus Brocadiales	1127830 [family] Candidatus Brocadiaceae	380240 [genus] Candidatus Brocadia	795830 [species] Candidatus Brocadia sinica
Candidatus Brocadia sapporoensis	392547		GCA_022180585.1		42.5	NA	203682 [phylum] Planctomycetota	2517206 [class] Candidatus Brocadiia	1127829 [order] Candidatus Brocadiales	1127830 [family] Candidatus Brocadiaceae	380240 [genus] Candidatus Brocadia	392547 [species] Candidatus Brocadia sapporoensis
Candidatus Jettenia caeni	247490		GCA_022180965.1		40.0	NA	203682 [phylum] Planctomycetota	2517206 [class] Candidatus Brocadiia	1127829 [order] Candidatus Brocadiales	1127830 [family] Candidatus Brocadiaceae	360731 [genus] Candidatus Jettenia	247490 [species] Candidatus Jettenia caeni
Candidatus Kuenenia stuttgartiensis	174633		GCA_022180985.1		41.0	NA	203682 [phylum] Planctomycetota	2517206 [class] Candidatus Brocadiia	1127829 [order] Candidatus Brocadiales	1127830 [family] Candidatus Brocadiaceae	380738 [genus] Candidatus Kuenenia	174633 [species] Candidatus Kuenenia stuttgartiensis
Candidatus Scalindua sp.	2268189		GCA_022181045.1		41.0	NA	203682 [phylum] Planctomycetota	2517206 [class] Candidatus Brocadiia	1127829 [order] Candidatus Brocadiales	2897346 [family] Candidatus Scalinduaceae	236756 [genus] Candidatus Scalindua	2268189 [species] Candidatus Scalindua sp.
Candidatus Brocadiia bacterium	2517210		GCA_023128475.1		65.0	NA	203682 [phylum] Planctomycetota	2517206 [class] Candidatus Brocadiia	NA	NA	NA	2517210 [species] Candidatus Brocadiia bacterium
Candidatus Brocadiia bacterium	2517210		GCA_023129315.1		66.0	NA	203682 [phylum] Planctomycetota	2517206 [class] Candidatus Brocadiia	NA	NA	NA	2517210 [species] Candidatus Brocadiia bacterium
Candidatus Brocadia sinica	795830		GCA_023150675.1		42.5	NA	203682 [phylum] Planctomycetota	2517206 [class] Candidatus Brocadiia	1127829 [order] Candidatus Brocadiales	1127830 [family] Candidatus Brocadiaceae	380240 [genus] Candidatus Brocadia	795830 [species] Candidatus Brocadia sinica
Candidatus Kuenenia stuttgartiensis	174633		GCA_023384235.1		41.0	NA	203682 [phylum] Planctomycetota	2517206 [class] Candidatus Brocadiia	1127829 [order] Candidatus Brocadiales	1127830 [family] Candidatus Brocadiaceae	380738 [genus] Candidatus Kuenenia	174633 [species] Candidatus Kuenenia stuttgartiensis
Candidatus Brocadiaceae bacterium	2094028		GCA_024223855.1		38.5	NA	203682 [phylum] Planctomycetota	2517206 [class] Candidatus Brocadiia	1127829 [order] Candidatus Brocadiales	1127830 [family] Candidatus Brocadiaceae	NA	2094028 [species] Candidatus Brocadiaceae bacterium
Candidatus Scalindua sp.	2268189		GCA_024223905.1		39.0	NA	203682 [phylum] Planctomycetota	2517206 [class] Candidatus Brocadiia	1127829 [order] Candidatus Brocadiales	2897346 [family] Candidatus Scalinduaceae	236756 [genus] Candidatus Scalindua	2268189 [species] Candidatus Scalindua sp.
Candidatus Brocadia sp.	2172549		GCA_024434125.1		42.5	NA	203682 [phylum] Planctomycetota	2517206 [class] Candidatus Brocadiia	1127829 [order] Candidatus Brocadiales	1127830 [family] Candidatus Brocadiaceae	380240 [genus] Candidatus Brocadia	2172549 [species] Candidatus Brocadia sp.
Candidatus Jettenia sp.	2170669		GCA_024434255.1		40.0	NA	203682 [phylum] Planctomycetota	2517206 [class] Candidatus Brocadiia	1127829 [order] Candidatus Brocadiales	1127830 [family] Candidatus Brocadiaceae	360731 [genus] Candidatus Jettenia	2170669 [species] Candidatus Jettenia sp.
Candidatus Bathyanammoxibius amoris	3045451		GCA_024451685.1		52.5	NA	203682 [phylum] Planctomycetota	2517206 [class] Candidatus Brocadiia	1127829 [order] Candidatus Brocadiales	2983801 [family] Candidatus Bathyanammoxibiaceae	2983802 [genus] Candidatus Bathyanammoxibius	3045451 [species] Candidatus Bathyanammoxibius amoris
Candidatus Brocadiaceae bacterium	2094028		GCA_024653795.1		41.5	NA	203682 [phylum] Planctomycetota	2517206 [class] Candidatus Brocadiia	1127829 [order] Candidatus Brocadiales	1127830 [family] Candidatus Brocadiaceae	NA	2094028 [species] Candidatus Brocadiaceae bacterium
Candidatus Kuenenia sp.	2499824		GCA_024654045.1		41.0	NA	203682 [phylum] Planctomycetota	2517206 [class] Candidatus Brocadiia	1127829 [order] Candidatus Brocadiales	1127830 [family] Candidatus Brocadiaceae	380738 [genus] Candidatus Kuenenia	2499824 [species] Candidatus Kuenenia sp.
Candidatus Scalindua sp.	2268189		GCA_024654085.1		39.5	NA	203682 [phylum] Planctomycetota	2517206 [class] Candidatus Brocadiia	1127829 [order] Candidatus Brocadiales	2897346 [family] Candidatus Scalinduaceae	236756 [genus] Candidatus Scalindua	2268189 [species] Candidatus Scalindua sp.
Candidatus Scalindua sp.	2268189		GCA_024654465.1		39.5	NA	203682 [phylum] Planctomycetota	2517206 [class] Candidatus Brocadiia	1127829 [order] Candidatus Brocadiales	2897346 [family] Candidatus Scalinduaceae	236756 [genus] Candidatus Scalindua	2268189 [species] Candidatus Scalindua sp.
Candidatus Kuenenia sp.	2499824		GCA_025994095.1		42.0	NA	203682 [phylum] Planctomycetota	2517206 [class] Candidatus Brocadiia	1127829 [order] Candidatus Brocadiales	1127830 [family] Candidatus Brocadiaceae	380738 [genus] Candidatus Kuenenia	2499824 [species] Candidatus Kuenenia sp.
Candidatus Brocadia sp.	2172549		GCA_026647515.1		43.0	NA	203682 [phylum] Planctomycetota	2517206 [class] Candidatus Brocadiia	1127829 [order] Candidatus Brocadiales	1127830 [family] Candidatus Brocadiaceae	380240 [genus] Candidatus Brocadia	2172549 [species] Candidatus Brocadia sp.
Candidatus Jettenia caeni	247490		GCA_026647545.1		39.5	NA	203682 [phylum] Planctomycetota	2517206 [class] Candidatus Brocadiia	1127829 [order] Candidatus Brocadiales	1127830 [family] Candidatus Brocadiaceae	360731 [genus] Candidatus Jettenia	247490 [species] Candidatus Jettenia caeni
Candidatus Brocadia sinica	795830		GCA_026647655.1		42.5	NA	203682 [phylum] Planctomycetota	2517206 [class] Candidatus Brocadiia	1127829 [order] Candidatus Brocadiales	1127830 [family] Candidatus Brocadiaceae	380240 [genus] Candidatus Brocadia	795830 [species] Candidatus Brocadia sinica
Candidatus Kuenenia sp.	2499824	2499824	GCA_027493735.1	93.97	41.0	NA	203682 [phylum] Planctomycetota	2517206 [class] Candidatus Brocadiia	1127829 [order] Candidatus Brocadiales	1127830 [family] Candidatus Brocadiaceae	380738 [genus] Candidatus Kuenenia	2499824 [species] Candidatus Kuenenia sp.
Candidatus Brocadia sp.	2172549		GCA_028283925.1		43.5	NA	203682 [phylum] Planctomycetota	2517206 [class] Candidatus Brocadiia	1127829 [order] Candidatus Brocadiales	1127830 [family] Candidatus Brocadiaceae	380240 [genus] Candidatus Brocadia	2172549 [species] Candidatus Brocadia sp.
Candidatus Brocadia sp.	2172549		GCA_028283945.1		42.0	NA	203682 [phylum] Planctomycetota	2517206 [class] Candidatus Brocadiia	1127829 [order] Candidatus Brocadiales	1127830 [family] Candidatus Brocadiaceae	380240 [genus] Candidatus Brocadia	2172549 [species] Candidatus Brocadia sp.
Candidatus Brocadia sp.	2172549		GCA_029287005.1		45.0	NA	203682 [phylum] Planctomycetota	2517206 [class] Candidatus Brocadiia	1127829 [order] Candidatus Brocadiales	1127830 [family] Candidatus Brocadiaceae	380240 [genus] Candidatus Brocadia	2172549 [species] Candidatus Brocadia sp.
Candidatus Jettenia sp.	2170669		GCA_029287025.1		39.5	NA	203682 [phylum] Planctomycetota	2517206 [class] Candidatus Brocadiia	1127829 [order] Candidatus Brocadiales	1127830 [family] Candidatus Brocadiaceae	360731 [genus] Candidatus Jettenia	2170669 [species] Candidatus Jettenia sp.
Candidatus Brocadia sp.	2172549		GCA_029759815.1		42.5	NA	203682 [phylum] Planctomycetota	2517206 [class] Candidatus Brocadiia	1127829 [order] Candidatus Brocadiales	1127830 [family] Candidatus Brocadiaceae	380240 [genus] Candidatus Brocadia	2172549 [species] Candidatus Brocadia sp.
Candidatus Brocadia sp.	2172549		GCA_029760015.1		43.5	NA	203682 [phylum] Planctomycetota	2517206 [class] Candidatus Brocadiia	1127829 [order] Candidatus Brocadiales	1127830 [family] Candidatus Brocadiaceae	380240 [genus] Candidatus Brocadia	2172549 [species] Candidatus Brocadia sp.
Candidatus Brocadia sp.	2172549		GCA_029760155.1		45.0	NA	203682 [phylum] Planctomycetota	2517206 [class] Candidatus Brocadiia	1127829 [order] Candidatus Brocadiales	1127830 [family] Candidatus Brocadiaceae	380240 [genus] Candidatus Brocadia	2172549 [species] Candidatus Brocadia sp.
Candidatus Brocadiaceae bacterium	2094028		GCA_030018855.1		51.5	NA	203682 [phylum] Planctomycetota	2517206 [class] Candidatus Brocadiia	1127829 [order] Candidatus Brocadiales	1127830 [family] Candidatus Brocadiaceae	NA	2094028 [species] Candidatus Brocadiaceae bacterium
Candidatus Brocadia sp. AMX2	2293635	2293635	GCA_030263755.1	99.02	42.5	NA	203682 [phylum] Planctomycetota	2517206 [class] Candidatus Brocadiia	1127829 [order] Candidatus Brocadiales	1127830 [family] Candidatus Brocadiaceae	380240 [genus] Candidatus Brocadia	2293635 [species] Candidatus Brocadia sp. AMX2
Candidatus Jettenia sp. AMX1	2293637	2293637	GCA_030263775.1	98.28	40.0	NA	203682 [phylum] Planctomycetota	2517206 [class] Candidatus Brocadiia	1127829 [order] Candidatus Brocadiales	1127830 [family] Candidatus Brocadiaceae	360731 [genus] Candidatus Jettenia	2293637 [species] Candidatus Jettenia sp. AMX1
Candidatus Brocadia sp.	2172549		GCA_030409075.1		43.0	NA	203682 [phylum] Planctomycetota	2517206 [class] Candidatus Brocadiia	1127829 [order] Candidatus Brocadiales	1127830 [family] Candidatus Brocadiaceae	380240 [genus] Candidatus Brocadia	2172549 [species] Candidatus Brocadia sp.
Candidatus Jettenia sp.	2170669		GCA_030409085.1		39.0	NA	203682 [phylum] Planctomycetota	2517206 [class] Candidatus Brocadiia	1127829 [order] Candidatus Brocadiales	1127830 [family] Candidatus Brocadiaceae	360731 [genus] Candidatus Jettenia	2170669 [species] Candidatus Jettenia sp.
Candidatus Jettenia caeni	247490		GCA_030583625.1		40.0	NA	203682 [phylum] Planctomycetota	2517206 [class] Candidatus Brocadiia	1127829 [order] Candidatus Brocadiales	1127830 [family] Candidatus Brocadiaceae	360731 [genus] Candidatus Jettenia	247490 [species] Candidatus Jettenia caeni
Candidatus Jettenia sp. CY-1	3054210		GCA_030583645.1		39.5	NA	203682 [phylum] Planctomycetota	2517206 [class] Candidatus Brocadiia	1127829 [order] Candidatus Brocadiales	1127830 [family] Candidatus Brocadiaceae	360731 [genus] Candidatus Jettenia	3054210 [species] Candidatus Jettenia sp. CY-1
Candidatus Jettenia sp. AMX2	3053984		GCA_030583665.1		41.5	NA	203682 [phylum] Planctomycetota	2517206 [class] Candidatus Brocadiia	1127829 [order] Candidatus Brocadiales	1127830 [family] Candidatus Brocadiaceae	360731 [genus] Candidatus Jettenia	3053984 [species] Candidatus Jettenia sp. AMX2
Candidatus Brocadiales bacterium	2760054		GCA_030586535.1		38.0	NA	203682 [phylum] Planctomycetota	2517206 [class] Candidatus Brocadiia	1127829 [order] Candidatus Brocadiales	NA	NA	2760054 [species] Candidatus Brocadiales bacterium
Candidatus Subterrananammoxibius californiae	3063417		GCA_030586555.1		42.5	NA	203682 [phylum] Planctomycetota	2517206 [class] Candidatus Brocadiia	1127829 [order] Candidatus Brocadiales	3063415 [family] Candidatus Subterrananammoxibiaceae	3063416 [genus] Candidatus Subterrananammoxibius	3063417 [species] Candidatus Subterrananammoxibius californiae
Candidatus Brocadiales bacterium	2760054		GCA_030586565.1		41.5	NA	203682 [phylum] Planctomycetota	2517206 [class] Candidatus Brocadiia	1127829 [order] Candidatus Brocadiales	NA	NA	2760054 [species] Candidatus Brocadiales bacterium
Candidatus Brocadiales bacterium	2760054		GCA_030586635.1		49.5	NA	203682 [phylum] Planctomycetota	2517206 [class] Candidatus Brocadiia	1127829 [order] Candidatus Brocadiales	NA	NA	2760054 [species] Candidatus Brocadiales bacterium
Candidatus Brocadiales bacterium	2760054		GCA_030586765.1		50.0	NA	203682 [phylum] Planctomycetota	2517206 [class] Candidatus Brocadiia	1127829 [order] Candidatus Brocadiales	NA	NA	2760054 [species] Candidatus Brocadiales bacterium
Candidatus Brocadiia bacterium	2517210		GCA_030596985.1		68.5	NA	203682 [phylum] Planctomycetota	2517206 [class] Candidatus Brocadiia	NA	NA	NA	2517210 [species] Candidatus Brocadiia bacterium
Candidatus Brocadiaceae bacterium	2094028		GCA_030597405.1		69.0	NA	203682 [phylum] Planctomycetota	2517206 [class] Candidatus Brocadiia	1127829 [order] Candidatus Brocadiales	1127830 [family] Candidatus Brocadiaceae	NA	2094028 [species] Candidatus Brocadiaceae bacterium
Candidatus Scalindua sp.	2268189		GCA_030600115.1		38.5	NA	203682 [phylum] Planctomycetota	2517206 [class] Candidatus Brocadiia	1127829 [order] Candidatus Brocadiales	2897346 [family] Candidatus Scalinduaceae	236756 [genus] Candidatus Scalindua	2268189 [species] Candidatus Scalindua sp.
Candidatus Scalindua sp.	2268189		GCA_030600365.1		38.5	NA	203682 [phylum] Planctomycetota	2517206 [class] Candidatus Brocadiia	1127829 [order] Candidatus Brocadiales	2897346 [family] Candidatus Scalinduaceae	236756 [genus] Candidatus Scalindua	2268189 [species] Candidatus Scalindua sp.
Candidatus Brocadiia bacterium	2517210		GCA_030604945.1		65.5	NA	203682 [phylum] Planctomycetota	2517206 [class] Candidatus Brocadiia	NA	NA	NA	2517210 [species] Candidatus Brocadiia bacterium
Candidatus Brocadiia bacterium	2517210		GCA_030605345.1		60.5	NA	203682 [phylum] Planctomycetota	2517206 [class] Candidatus Brocadiia	NA	NA	NA	2517210 [species] Candidatus Brocadiia bacterium
Candidatus Brocadiia bacterium	2517210		GCA_030605365.1		64.0	NA	203682 [phylum] Planctomycetota	2517206 [class] Candidatus Brocadiia	NA	NA	NA	2517210 [species] Candidatus Brocadiia bacterium
Candidatus Brocadiia bacterium	2517210		GCA_030610705.1		65.0	NA	203682 [phylum] Planctomycetota	2517206 [class] Candidatus Brocadiia	NA	NA	NA	2517210 [species] Candidatus Brocadiia bacterium
Candidatus Brocadiaceae bacterium	2094028		GCA_030615435.1		63.5	NA	203682 [phylum] Planctomycetota	2517206 [class] Candidatus Brocadiia	1127829 [order] Candidatus Brocadiales	1127830 [family] Candidatus Brocadiaceae	NA	2094028 [species] Candidatus Brocadiaceae bacterium
Candidatus Brocadiia bacterium	2517210		GCA_030616895.1		65.5	NA	203682 [phylum] Planctomycetota	2517206 [class] Candidatus Brocadiia	NA	NA	NA	2517210 [species] Candidatus Brocadiia bacterium
Candidatus Scalindua sp.	2268189		GCA_030617325.1		38.0	NA	203682 [phylum] Planctomycetota	2517206 [class] Candidatus Brocadiia	1127829 [order] Candidatus Brocadiales	2897346 [family] Candidatus Scalinduaceae	236756 [genus] Candidatus Scalindua	2268189 [species] Candidatus Scalindua sp.
Candidatus Scalindua sp.	2268189		GCA_030617345.1		38.5	NA	203682 [phylum] Planctomycetota	2517206 [class] Candidatus Brocadiia	1127829 [order] Candidatus Brocadiales	2897346 [family] Candidatus Scalinduaceae	236756 [genus] Candidatus Scalindua	2268189 [species] Candidatus Scalindua sp.
Candidatus Brocadiia bacterium	2517210		GCA_030619795.1		53.5	NA	203682 [phylum] Planctomycetota	2517206 [class] Candidatus Brocadiia	NA	NA	NA	2517210 [species] Candidatus Brocadiia bacterium
Candidatus Scalindua sp.	2268189		GCA_030623055.1		38.5	NA	203682 [phylum] Planctomycetota	2517206 [class] Candidatus Brocadiia	1127829 [order] Candidatus Brocadiales	2897346 [family] Candidatus Scalinduaceae	236756 [genus] Candidatus Scalindua	2268189 [species] Candidatus Scalindua sp.
Candidatus Scalindua sediminis	2798304		GCA_030623375.1		38.5	NA	203682 [phylum] Planctomycetota	2517206 [class] Candidatus Brocadiia	1127829 [order] Candidatus Brocadiales	2897346 [family] Candidatus Scalinduaceae	236756 [genus] Candidatus Scalindua	2798304 [species] Candidatus Scalindua sediminis
Candidatus Scalindua sediminis	2798304		GCA_030623625.1		38.0	NA	203682 [phylum] Planctomycetota	2517206 [class] Candidatus Brocadiia	1127829 [order] Candidatus Brocadiales	2897346 [family] Candidatus Scalinduaceae	236756 [genus] Candidatus Scalindua	2798304 [species] Candidatus Scalindua sediminis
Candidatus Scalindua sp.	2268189		GCA_030624185.1		38.5	NA	203682 [phylum] Planctomycetota	2517206 [class] Candidatus Brocadiia	1127829 [order] Candidatus Brocadiales	2897346 [family] Candidatus Scalinduaceae	236756 [genus] Candidatus Scalindua	2268189 [species] Candidatus Scalindua sp.
Candidatus Brocadiia bacterium	2517210		GCA_030628485.1		65.0	NA	203682 [phylum] Planctomycetota	2517206 [class] Candidatus Brocadiia	NA	NA	NA	2517210 [species] Candidatus Brocadiia bacterium
Candidatus Brocadiaceae bacterium	2094028		GCA_030632595.1		64.0	NA	203682 [phylum] Planctomycetota	2517206 [class] Candidatus Brocadiia	1127829 [order] Candidatus Brocadiales	1127830 [family] Candidatus Brocadiaceae	NA	2094028 [species] Candidatus Brocadiaceae bacterium
Candidatus Brocadiia bacterium	2517210		GCA_030634835.1		65.0	NA	203682 [phylum] Planctomycetota	2517206 [class] Candidatus Brocadiia	NA	NA	NA	2517210 [species] Candidatus Brocadiia bacterium
Candidatus Brocadiaceae bacterium	2094028		GCA_030650655.1		41.5	NA	203682 [phylum] Planctomycetota	2517206 [class] Candidatus Brocadiia	1127829 [order] Candidatus Brocadiales	1127830 [family] Candidatus Brocadiaceae	NA	2094028 [species] Candidatus Brocadiaceae bacterium
Candidatus Brocadiia bacterium	2517210		GCA_030667445.1		62.5	NA	203682 [phylum] Planctomycetota	2517206 [class] Candidatus Brocadiia	NA	NA	NA	2517210 [species] Candidatus Brocadiia bacterium
Candidatus Brocadiia bacterium	2517210		GCA_030672655.1		59.0	NA	203682 [phylum] Planctomycetota	2517206 [class] Candidatus Brocadiia	NA	NA	NA	2517210 [species] Candidatus Brocadiia bacterium
Candidatus Brocadiia bacterium	2517210		GCA_030739995.1		66.5	NA	203682 [phylum] Planctomycetota	2517206 [class] Candidatus Brocadiia	NA	NA	NA	2517210 [species] Candidatus Brocadiia bacterium
Candidatus Scalindua sp.	2268189		GCA_030743565.1		40.0	NA	203682 [phylum] Planctomycetota	2517206 [class] Candidatus Brocadiia	1127829 [order] Candidatus Brocadiales	2897346 [family] Candidatus Scalinduaceae	236756 [genus] Candidatus Scalindua	2268189 [species] Candidatus Scalindua sp.
Candidatus Brocadiia bacterium	2517210		GCA_030743675.1		65.5	NA	203682 [phylum] Planctomycetota	2517206 [class] Candidatus Brocadiia	NA	NA	NA	2517210 [species] Candidatus Brocadiia bacterium
Candidatus Scalindua sp.	2268189		GCA_030748215.1		40.0	NA	203682 [phylum] Planctomycetota	2517206 [class] Candidatus Brocadiia	1127829 [order] Candidatus Brocadiales	2897346 [family] Candidatus Scalinduaceae	236756 [genus] Candidatus Scalindua	2268189 [species] Candidatus Scalindua sp.
Candidatus Scalindua sp.	2268189		GCA_030753795.1		40.0	NA	203682 [phylum] Planctomycetota	2517206 [class] Candidatus Brocadiia	1127829 [order] Candidatus Brocadiales	2897346 [family] Candidatus Scalinduaceae	236756 [genus] Candidatus Scalindua	2268189 [species] Candidatus Scalindua sp.
Candidatus Brocadia sp.	2172549		GCA_030837935.1		41.5	NA	203682 [phylum] Planctomycetota	2517206 [class] Candidatus Brocadiia	1127829 [order] Candidatus Brocadiales	1127830 [family] Candidatus Brocadiaceae	380240 [genus] Candidatus Brocadia	2172549 [species] Candidatus Brocadia sp.
Candidatus Brocadiaceae bacterium	2094028		GCA_031316145.1		41.5	NA	203682 [phylum] Planctomycetota	2517206 [class] Candidatus Brocadiia	1127829 [order] Candidatus Brocadiales	1127830 [family] Candidatus Brocadiaceae	NA	2094028 [species] Candidatus Brocadiaceae bacterium
Candidatus Scalindua sp.	2268189		GCA_031316155.1		39.5	NA	203682 [phylum] Planctomycetota	2517206 [class] Candidatus Brocadiia	1127829 [order] Candidatus Brocadiales	2897346 [family] Candidatus Scalinduaceae	236756 [genus] Candidatus Scalindua	2268189 [species] Candidatus Scalindua sp.
Candidatus Scalindua sp.	2268189		GCA_031316235.1		41.5	NA	203682 [phylum] Planctomycetota	2517206 [class] Candidatus Brocadiia	1127829 [order] Candidatus Brocadiales	2897346 [family] Candidatus Scalinduaceae	236756 [genus] Candidatus Scalindua	2268189 [species] Candidatus Scalindua sp.
Candidatus Brocadiaceae bacterium	2094028		GCA_031426615.1		47.0	NA	203682 [phylum] Planctomycetota	2517206 [class] Candidatus Brocadiia	1127829 [order] Candidatus Brocadiales	1127830 [family] Candidatus Brocadiaceae	NA	2094028 [species] Candidatus Brocadiaceae bacterium
Candidatus Brocadiaceae bacterium	2094028		GCA_031426675.1		41.0	NA	203682 [phylum] Planctomycetota	2517206 [class] Candidatus Brocadiia	1127829 [order] Candidatus Brocadiales	1127830 [family] Candidatus Brocadiaceae	NA	2094028 [species] Candidatus Brocadiaceae bacterium
Candidatus Scalindua sp.	2268189		GCA_033023575.1		40.0	NA	203682 [phylum] Planctomycetota	2517206 [class] Candidatus Brocadiia	1127829 [order] Candidatus Brocadiales	2897346 [family] Candidatus Scalinduaceae	236756 [genus] Candidatus Scalindua	2268189 [species] Candidatus Scalindua sp.
Candidatus Scalindua sp.	2268189		GCA_033023715.1		40.5	NA	203682 [phylum] Planctomycetota	2517206 [class] Candidatus Brocadiia	1127829 [order] Candidatus Brocadiales	2897346 [family] Candidatus Scalinduaceae	236756 [genus] Candidatus Scalindua	2268189 [species] Candidatus Scalindua sp.
Candidatus Brocadiaceae bacterium	2094028		GCA_035063845.1		42.0	NA	203682 [phylum] Planctomycetota	2517206 [class] Candidatus Brocadiia	1127829 [order] Candidatus Brocadiales	1127830 [family] Candidatus Brocadiaceae	NA	2094028 [species] Candidatus Brocadiaceae bacterium
Candidatus Brocadiaceae bacterium	2094028		GCA_035256065.1		47.0	NA	203682 [phylum] Planctomycetota	2517206 [class] Candidatus Brocadiia	1127829 [order] Candidatus Brocadiales	1127830 [family] Candidatus Brocadiaceae	NA	2094028 [species] Candidatus Brocadiaceae bacterium
Candidatus Brocadiales bacterium	2760054		GCA_035283825.1		52.0	NA	203682 [phylum] Planctomycetota	2517206 [class] Candidatus Brocadiia	1127829 [order] Candidatus Brocadiales	NA	NA	2760054 [species] Candidatus Brocadiales bacterium
Candidatus Brocadiaceae bacterium	2094028		GCA_035292065.1		41.5	NA	203682 [phylum] Planctomycetota	2517206 [class] Candidatus Brocadiia	1127829 [order] Candidatus Brocadiales	1127830 [family] Candidatus Brocadiaceae	NA	2094028 [species] Candidatus Brocadiaceae bacterium
Candidatus Brocadiales bacterium	2760054		GCA_035293145.1		42.5	NA	203682 [phylum] Planctomycetota	2517206 [class] Candidatus Brocadiia	1127829 [order] Candidatus Brocadiales	NA	NA	2760054 [species] Candidatus Brocadiales bacterium
Candidatus Brocadiia bacterium	2517210		GCA_035389845.1		59.5	NA	203682 [phylum] Planctomycetota	2517206 [class] Candidatus Brocadiia	NA	NA	NA	2517210 [species] Candidatus Brocadiia bacterium
Candidatus Brocadia sapporoensis	392547		GCA_035427305.1		42.5	NA	203682 [phylum] Planctomycetota	2517206 [class] Candidatus Brocadiia	1127829 [order] Candidatus Brocadiales	1127830 [family] Candidatus Brocadiaceae	380240 [genus] Candidatus Brocadia	392547 [species] Candidatus Brocadia sapporoensis
Candidatus Brocadiia bacterium	2517210		GCA_035449845.1		67.5	NA	203682 [phylum] Planctomycetota	2517206 [class] Candidatus Brocadiia	NA	NA	NA	2517210 [species] Candidatus Brocadiia bacterium
Candidatus Scalindua sp.	2268189		GCA_036011625.1		40.5	NA	203682 [phylum] Planctomycetota	2517206 [class] Candidatus Brocadiia	1127829 [order] Candidatus Brocadiales	2897346 [family] Candidatus Scalinduaceae	236756 [genus] Candidatus Scalindua	2268189 [species] Candidatus Scalindua sp.
Candidatus Scalindua sp.	2268189		GCA_036011825.1		40.0	NA	203682 [phylum] Planctomycetota	2517206 [class] Candidatus Brocadiia	1127829 [order] Candidatus Brocadiales	2897346 [family] Candidatus Scalinduaceae	236756 [genus] Candidatus Scalindua	2268189 [species] Candidatus Scalindua sp.
Candidatus Scalindua sediminis	2798304		GCA_036444505.1		38.0	NA	203682 [phylum] Planctomycetota	2517206 [class] Candidatus Brocadiia	1127829 [order] Candidatus Brocadiales	2897346 [family] Candidatus Scalinduaceae	236756 [genus] Candidatus Scalindua	2798304 [species] Candidatus Scalindua sediminis
Candidatus Brocadiales bacterium	2760054		GCA_036475985.1		53.0	NA	203682 [phylum] Planctomycetota	2517206 [class] Candidatus Brocadiia	1127829 [order] Candidatus Brocadiales	NA	NA	2760054 [species] Candidatus Brocadiales bacterium
Candidatus Scalindua sediminis	2798304		GCA_036477455.1		38.0	NA	203682 [phylum] Planctomycetota	2517206 [class] Candidatus Brocadiia	1127829 [order] Candidatus Brocadiales	2897346 [family] Candidatus Scalinduaceae	236756 [genus] Candidatus Scalindua	2798304 [species] Candidatus Scalindua sediminis
Candidatus Brocadiales bacterium	2760054		GCA_036480995.1		54.0	NA	203682 [phylum] Planctomycetota	2517206 [class] Candidatus Brocadiia	1127829 [order] Candidatus Brocadiales	NA	NA	2760054 [species] Candidatus Brocadiales bacterium
Candidatus Brocadiales bacterium	2760054		GCA_036481595.1		53.5	NA	203682 [phylum] Planctomycetota	2517206 [class] Candidatus Brocadiia	1127829 [order] Candidatus Brocadiales	NA	NA	2760054 [species] Candidatus Brocadiales bacterium
Candidatus Scalindua sp.	2268189		GCA_036481935.1		38.5	NA	203682 [phylum] Planctomycetota	2517206 [class] Candidatus Brocadiia	1127829 [order] Candidatus Brocadiales	2897346 [family] Candidatus Scalinduaceae	236756 [genus] Candidatus Scalindua	2268189 [species] Candidatus Scalindua sp.
Candidatus Brocadiales bacterium	2760054		GCA_036482495.1		52.0	NA	203682 [phylum] Planctomycetota	2517206 [class] Candidatus Brocadiia	1127829 [order] Candidatus Brocadiales	NA	NA	2760054 [species] Candidatus Brocadiales bacterium
Candidatus Brocadiales bacterium	2760054		GCA_036482525.1		54.0	NA	203682 [phylum] Planctomycetota	2517206 [class] Candidatus Brocadiia	1127829 [order] Candidatus Brocadiales	NA	NA	2760054 [species] Candidatus Brocadiales bacterium
Candidatus Brocadiaceae bacterium	2094028		GCA_036517955.1		41.0	NA	203682 [phylum] Planctomycetota	2517206 [class] Candidatus Brocadiia	1127829 [order] Candidatus Brocadiales	1127830 [family] Candidatus Brocadiaceae	NA	2094028 [species] Candidatus Brocadiaceae bacterium
Candidatus Brocadiales bacterium	2760054		GCA_036850515.1		51.5	NA	203682 [phylum] Planctomycetota	2517206 [class] Candidatus Brocadiia	1127829 [order] Candidatus Brocadiales	NA	NA	2760054 [species] Candidatus Brocadiales bacterium
Candidatus Kuenenia sp.	2499824		GCA_038144795.1		62.5	NA	203682 [phylum] Planctomycetota	2517206 [class] Candidatus Brocadiia	1127829 [order] Candidatus Brocadiales	1127830 [family] Candidatus Brocadiaceae	380738 [genus] Candidatus Kuenenia	2499824 [species] Candidatus Kuenenia sp.
Candidatus Kuenenia sp.	2499824	2499824	GCA_039794105.1	94.83	41.0	NA	203682 [phylum] Planctomycetota	2517206 [class] Candidatus Brocadiia	1127829 [order] Candidatus Brocadiales	1127830 [family] Candidatus Brocadiaceae	380738 [genus] Candidatus Kuenenia	2499824 [species] Candidatus Kuenenia sp.
Candidatus Brocadiaceae bacterium	2094028		GCA_039794405.1		40.0	NA	203682 [phylum] Planctomycetota	2517206 [class] Candidatus Brocadiia	1127829 [order] Candidatus Brocadiales	1127830 [family] Candidatus Brocadiaceae	NA	2094028 [species] Candidatus Brocadiaceae bacterium
Candidatus Brocadia sp.	2172549		GCA_040048245.1		42.5	NA	203682 [phylum] Planctomycetota	2517206 [class] Candidatus Brocadiia	1127829 [order] Candidatus Brocadiales	1127830 [family] Candidatus Brocadiaceae	380240 [genus] Candidatus Brocadia	2172549 [species] Candidatus Brocadia sp.
Candidatus Brocadiaceae bacterium	2094028		GCA_041402065.1		41.5	NA	203682 [phylum] Planctomycetota	2517206 [class] Candidatus Brocadiia	1127829 [order] Candidatus Brocadiales	1127830 [family] Candidatus Brocadiaceae	NA	2094028 [species] Candidatus Brocadiaceae bacterium
Candidatus Scalinduaceae bacterium	3015208		GCA_041402085.1		41.5	NA	203682 [phylum] Planctomycetota	2517206 [class] Candidatus Brocadiia	1127829 [order] Candidatus Brocadiales	2897346 [family] Candidatus Scalinduaceae	NA	3015208 [species] Candidatus Scalinduaceae bacterium
Candidatus Scalinduaceae bacterium	3015208		GCA_041402105.1		39.5	NA	203682 [phylum] Planctomycetota	2517206 [class] Candidatus Brocadiia	1127829 [order] Candidatus Brocadiales	2897346 [family] Candidatus Scalinduaceae	NA	3015208 [species] Candidatus Scalinduaceae bacterium
Candidatus Scalindua sp.	2268189		GCA_041598915.1		37.0	NA	203682 [phylum] Planctomycetota	2517206 [class] Candidatus Brocadiia	1127829 [order] Candidatus Brocadiales	2897346 [family] Candidatus Scalinduaceae	236756 [genus] Candidatus Scalindua	2268189 [species] Candidatus Scalindua sp.
Candidatus Scalindua sp.	2268189		GCA_041629195.1		41.5	NA	203682 [phylum] Planctomycetota	2517206 [class] Candidatus Brocadiia	1127829 [order] Candidatus Brocadiales	2897346 [family] Candidatus Scalinduaceae	236756 [genus] Candidatus Scalindua	2268189 [species] Candidatus Scalindua sp.
Candidatus Scalindua sp.	2268189		GCA_041629695.1		38.0	NA	203682 [phylum] Planctomycetota	2517206 [class] Candidatus Brocadiia	1127829 [order] Candidatus Brocadiales	2897346 [family] Candidatus Scalinduaceae	236756 [genus] Candidatus Scalindua	2268189 [species] Candidatus Scalindua sp.
Candidatus Brocadiia bacterium	2517210		GCA_041648755.1		57.5	NA	203682 [phylum] Planctomycetota	2517206 [class] Candidatus Brocadiia	NA	NA	NA	2517210 [species] Candidatus Brocadiia bacterium
Candidatus Brocadiia bacterium	2517210		GCA_041658285.1		49.5	NA	203682 [phylum] Planctomycetota	2517206 [class] Candidatus Brocadiia	NA	NA	NA	2517210 [species] Candidatus Brocadiia bacterium
Candidatus Kuenenia sp.	2499824		GCA_043718195.1		55.5	NA	203682 [phylum] Planctomycetota	2517206 [class] Candidatus Brocadiia	1127829 [order] Candidatus Brocadiales	1127830 [family] Candidatus Brocadiaceae	380738 [genus] Candidatus Kuenenia	2499824 [species] Candidatus Kuenenia sp.
Candidatus Kuenenia sp.	2499824		GCA_043718275.1		53.0	NA	203682 [phylum] Planctomycetota	2517206 [class] Candidatus Brocadiia	1127829 [order] Candidatus Brocadiales	1127830 [family] Candidatus Brocadiaceae	380738 [genus] Candidatus Kuenenia	2499824 [species] Candidatus Kuenenia sp.
Candidatus Kuenenia sp.	2499824		GCA_043721715.1		55.0	NA	203682 [phylum] Planctomycetota	2517206 [class] Candidatus Brocadiia	1127829 [order] Candidatus Brocadiales	1127830 [family] Candidatus Brocadiaceae	380738 [genus] Candidatus Kuenenia	2499824 [species] Candidatus Kuenenia sp.
Candidatus Kuenenia sp.	2499824		GCA_043722015.1		55.0	NA	203682 [phylum] Planctomycetota	2517206 [class] Candidatus Brocadiia	1127829 [order] Candidatus Brocadiales	1127830 [family] Candidatus Brocadiaceae	380738 [genus] Candidatus Kuenenia	2499824 [species] Candidatus Kuenenia sp.
Candidatus Kuenenia sp.	2499824		GCA_043733985.1		55.5	NA	203682 [phylum] Planctomycetota	2517206 [class] Candidatus Brocadiia	1127829 [order] Candidatus Brocadiales	1127830 [family] Candidatus Brocadiaceae	380738 [genus] Candidatus Kuenenia	2499824 [species] Candidatus Kuenenia sp.
Candidatus Kuenenia sp.	2499824		GCA_043737515.1		55.5	NA	203682 [phylum] Planctomycetota	2517206 [class] Candidatus Brocadiia	1127829 [order] Candidatus Brocadiales	1127830 [family] Candidatus Brocadiaceae	380738 [genus] Candidatus Kuenenia	2499824 [species] Candidatus Kuenenia sp.
Candidatus Kuenenia sp.	2499824		GCA_043744915.1		53.0	NA	203682 [phylum] Planctomycetota	2517206 [class] Candidatus Brocadiia	1127829 [order] Candidatus Brocadiales	1127830 [family] Candidatus Brocadiaceae	380738 [genus] Candidatus Kuenenia	2499824 [species] Candidatus Kuenenia sp.
Candidatus Kuenenia sp.	2499824		GCA_043748155.1		53.0	NA	203682 [phylum] Planctomycetota	2517206 [class] Candidatus Brocadiia	1127829 [order] Candidatus Brocadiales	1127830 [family] Candidatus Brocadiaceae	380738 [genus] Candidatus Kuenenia	2499824 [species] Candidatus Kuenenia sp.
Candidatus Kuenenia sp.	2499824		GCA_043750775.1		57.5	NA	203682 [phylum] Planctomycetota	2517206 [class] Candidatus Brocadiia	1127829 [order] Candidatus Brocadiales	1127830 [family] Candidatus Brocadiaceae	380738 [genus] Candidatus Kuenenia	2499824 [species] Candidatus Kuenenia sp.
Candidatus Kuenenia sp.	2499824		GCA_043754375.1		55.0	NA	203682 [phylum] Planctomycetota	2517206 [class] Candidatus Brocadiia	1127829 [order] Candidatus Brocadiales	1127830 [family] Candidatus Brocadiaceae	380738 [genus] Candidatus Kuenenia	2499824 [species] Candidatus Kuenenia sp.
Candidatus Kuenenia sp.	2499824		GCA_043758225.1		53.0	NA	203682 [phylum] Planctomycetota	2517206 [class] Candidatus Brocadiia	1127829 [order] Candidatus Brocadiales	1127830 [family] Candidatus Brocadiaceae	380738 [genus] Candidatus Kuenenia	2499824 [species] Candidatus Kuenenia sp.
Candidatus Kuenenia sp.	2499824		GCA_043775985.1		53.0	NA	203682 [phylum] Planctomycetota	2517206 [class] Candidatus Brocadiia	1127829 [order] Candidatus Brocadiales	1127830 [family] Candidatus Brocadiaceae	380738 [genus] Candidatus Kuenenia	2499824 [species] Candidatus Kuenenia sp.
Candidatus Jettenia caeni	247490		GCA_045863495.1		40.0	NA	203682 [phylum] Planctomycetota	2517206 [class] Candidatus Brocadiia	1127829 [order] Candidatus Brocadiales	1127830 [family] Candidatus Brocadiaceae	360731 [genus] Candidatus Jettenia	247490 [species] Candidatus Jettenia caeni
Candidatus Brocadia sp.	2172549		GCA_046291035.1		42.5	NA	203682 [phylum] Planctomycetota	2517206 [class] Candidatus Brocadiia	1127829 [order] Candidatus Brocadiales	1127830 [family] Candidatus Brocadiaceae	380240 [genus] Candidatus Brocadia	2172549 [species] Candidatus Brocadia sp.
Candidatus Brocadiales bacterium	2760054		GCA_046291805.1		52.0	NA	203682 [phylum] Planctomycetota	2517206 [class] Candidatus Brocadiia	1127829 [order] Candidatus Brocadiales	NA	NA	2760054 [species] Candidatus Brocadiales bacterium
Candidatus Brocadia sapporoensis	392547		GCA_046350575.1		42.5	NA	203682 [phylum] Planctomycetota	2517206 [class] Candidatus Brocadiia	1127829 [order] Candidatus Brocadiales	1127830 [family] Candidatus Brocadiaceae	380240 [genus] Candidatus Brocadia	392547 [species] Candidatus Brocadia sapporoensis
Candidatus Brocadiaceae bacterium	2094028		GCA_046350595.1		42.0	NA	203682 [phylum] Planctomycetota	2517206 [class] Candidatus Brocadiia	1127829 [order] Candidatus Brocadiales	1127830 [family] Candidatus Brocadiaceae	NA	2094028 [species] Candidatus Brocadiaceae bacterium
Candidatus Brocadiia bacterium	2517210		GCA_046483385.1		65.5	NA	203682 [phylum] Planctomycetota	2517206 [class] Candidatus Brocadiia	NA	NA	NA	2517210 [species] Candidatus Brocadiia bacterium
Candidatus Brocadiia bacterium	2517210		GCA_046483865.1		67.5	NA	203682 [phylum] Planctomycetota	2517206 [class] Candidatus Brocadiia	NA	NA	NA	2517210 [species] Candidatus Brocadiia bacterium
Candidatus Brocadiia bacterium	2517210		GCA_046538415.1		71.5	NA	203682 [phylum] Planctomycetota	2517206 [class] Candidatus Brocadiia	NA	NA	NA	2517210 [species] Candidatus Brocadiia bacterium
Candidatus Brocadiia bacterium	2517210		GCA_046538485.1		54.0	NA	203682 [phylum] Planctomycetota	2517206 [class] Candidatus Brocadiia	NA	NA	NA	2517210 [species] Candidatus Brocadiia bacterium
Candidatus Brocadiia bacterium	2517210		GCA_046539705.1		57.5	NA	203682 [phylum] Planctomycetota	2517206 [class] Candidatus Brocadiia	NA	NA	NA	2517210 [species] Candidatus Brocadiia bacterium
Candidatus Scalindua sp.	2268189		GCA_046557925.1		40.0	NA	203682 [phylum] Planctomycetota	2517206 [class] Candidatus Brocadiia	1127829 [order] Candidatus Brocadiales	2897346 [family] Candidatus Scalinduaceae	236756 [genus] Candidatus Scalindua	2268189 [species] Candidatus Scalindua sp.
Candidatus Scalinduaceae bacterium	3015208		GCA_046757465.1		38.0	NA	203682 [phylum] Planctomycetota	2517206 [class] Candidatus Brocadiia	1127829 [order] Candidatus Brocadiales	2897346 [family] Candidatus Scalinduaceae	NA	3015208 [species] Candidatus Scalinduaceae bacterium
Candidatus Scalindua sp.	2268189		GCA_046757745.1		39.5	NA	203682 [phylum] Planctomycetota	2517206 [class] Candidatus Brocadiia	1127829 [order] Candidatus Brocadiales	2897346 [family] Candidatus Scalinduaceae	236756 [genus] Candidatus Scalindua	2268189 [species] Candidatus Scalindua sp.
Candidatus Brocadiales bacterium	2760054		GCA_046758865.1		49.5	NA	203682 [phylum] Planctomycetota	2517206 [class] Candidatus Brocadiia	1127829 [order] Candidatus Brocadiales	NA	NA	2760054 [species] Candidatus Brocadiales bacterium
Candidatus Scalinduaceae bacterium	3015208		GCA_046759445.1		37.0	NA	203682 [phylum] Planctomycetota	2517206 [class] Candidatus Brocadiia	1127829 [order] Candidatus Brocadiales	2897346 [family] Candidatus Scalinduaceae	NA	3015208 [species] Candidatus Scalinduaceae bacterium
Candidatus Brocadiales bacterium	2760054		GCA_046759685.1		49.5	NA	203682 [phylum] Planctomycetota	2517206 [class] Candidatus Brocadiia	1127829 [order] Candidatus Brocadiales	NA	NA	2760054 [species] Candidatus Brocadiales bacterium
Candidatus Scalindua sp.	2268189		GCA_048060935.1		39.5	NA	203682 [phylum] Planctomycetota	2517206 [class] Candidatus Brocadiia	1127829 [order] Candidatus Brocadiales	2897346 [family] Candidatus Scalinduaceae	236756 [genus] Candidatus Scalindua	2268189 [species] Candidatus Scalindua sp.
Candidatus Kuenenia sp.	2499824	2499824	GCA_048500235.1	94.83	41.0	NA	203682 [phylum] Planctomycetota	2517206 [class] Candidatus Brocadiia	1127829 [order] Candidatus Brocadiales	1127830 [family] Candidatus Brocadiaceae	380738 [genus] Candidatus Kuenenia	2499824 [species] Candidatus Kuenenia sp.
Candidatus Brocadiia bacterium	2517210		GCA_048618555.1		59.0	NA	203682 [phylum] Planctomycetota	2517206 [class] Candidatus Brocadiia	NA	NA	NA	2517210 [species] Candidatus Brocadiia bacterium
Candidatus Loosdrechtia sp.	3101272		GCA_049311485.1		41.5	NA	NA	NA	NA	NA	NA	NA
Candidatus Kuenenia stuttgartiensis	174633	174633	GCA_900232105.1	94.83	41.0	NA	203682 [phylum] Planctomycetota	2517206 [class] Candidatus Brocadiia	1127829 [order] Candidatus Brocadiales	1127830 [family] Candidatus Brocadiaceae	380738 [genus] Candidatus Kuenenia	174633 [species] Candidatus Kuenenia stuttgartiensis
Candidatus Kuenenia stuttgartiensis	174633	174633	GCA_900232175.1	94.83	41.0	NA	203682 [phylum] Planctomycetota	2517206 [class] Candidatus Brocadiia	1127829 [order] Candidatus Brocadiales	1127830 [family] Candidatus Brocadiaceae	380738 [genus] Candidatus Kuenenia	174633 [species] Candidatus Kuenenia stuttgartiensis
uncultured Candidatus Brocadia sp.	397282		GCA_900696475.1		40.0	NA	203682 [phylum] Planctomycetota	2517206 [class] Candidatus Brocadiia	1127829 [order] Candidatus Brocadiales	1127830 [family] Candidatus Brocadiaceae	380240 [genus] Candidatus Brocadia	397282 [species] uncultured Candidatus Brocadia sp.
uncultured Candidatus Kuenenia sp.	1048336	1048336	GCA_900696675.1	99.41	40.5	NA	203682 [phylum] Planctomycetota	2517206 [class] Candidatus Brocadiia	1127829 [order] Candidatus Brocadiales	1127830 [family] Candidatus Brocadiaceae	380738 [genus] Candidatus Kuenenia	1048336 [species] uncultured Candidatus Kuenenia sp.
Candidatus Brocadiaceae bacterium	2094028		GCA_905339135.1		42.5	NA	203682 [phylum] Planctomycetota	2517206 [class] Candidatus Brocadiia	1127829 [order] Candidatus Brocadiales	1127830 [family] Candidatus Brocadiaceae	NA	2094028 [species] Candidatus Brocadiaceae bacterium
Candidatus Brocadiaceae bacterium	2094028		GCA_919901575.1		39.5	NA	203682 [phylum] Planctomycetota	2517206 [class] Candidatus Brocadiia	1127829 [order] Candidatus Brocadiales	1127830 [family] Candidatus Brocadiaceae	NA	2094028 [species] Candidatus Brocadiaceae bacterium
Candidatus Brocadiaceae bacterium	2094028		GCA_919901605.1		38.5	NA	203682 [phylum] Planctomycetota	2517206 [class] Candidatus Brocadiia	1127829 [order] Candidatus Brocadiales	1127830 [family] Candidatus Brocadiaceae	NA	2094028 [species] Candidatus Brocadiaceae bacterium
Candidatus Brocadiaceae bacterium	2094028		GCA_919901715.1		47.0	NA	203682 [phylum] Planctomycetota	2517206 [class] Candidatus Brocadiia	1127829 [order] Candidatus Brocadiales	1127830 [family] Candidatus Brocadiaceae	NA	2094028 [species] Candidatus Brocadiaceae bacterium
Candidatus Brocadiaceae bacterium	2094028		GCA_919901895.1		44.5	NA	203682 [phylum] Planctomycetota	2517206 [class] Candidatus Brocadiia	1127829 [order] Candidatus Brocadiales	1127830 [family] Candidatus Brocadiaceae	NA	2094028 [species] Candidatus Brocadiaceae bacterium
Candidatus Brocadiaceae bacterium	2094028		GCA_919902455.1		47.5	NA	203682 [phylum] Planctomycetota	2517206 [class] Candidatus Brocadiia	1127829 [order] Candidatus Brocadiales	1127830 [family] Candidatus Brocadiaceae	NA	2094028 [species] Candidatus Brocadiaceae bacterium
Candidatus Brocadiaceae bacterium	2094028		GCA_919902695.1		47.5	NA	203682 [phylum] Planctomycetota	2517206 [class] Candidatus Brocadiia	1127829 [order] Candidatus Brocadiales	1127830 [family] Candidatus Brocadiaceae	NA	2094028 [species] Candidatus Brocadiaceae bacterium
Candidatus Brocadiaceae bacterium	2094028		GCA_919902705.1		47.5	NA	203682 [phylum] Planctomycetota	2517206 [class] Candidatus Brocadiia	1127829 [order] Candidatus Brocadiales	1127830 [family] Candidatus Brocadiaceae	NA	2094028 [species] Candidatus Brocadiaceae bacterium
Candidatus Brocadiaceae bacterium	2094028		GCA_919902715.1		47.5	NA	203682 [phylum] Planctomycetota	2517206 [class] Candidatus Brocadiia	1127829 [order] Candidatus Brocadiales	1127830 [family] Candidatus Brocadiaceae	NA	2094028 [species] Candidatus Brocadiaceae bacterium
Candidatus Brocadiaceae bacterium	2094028		GCA_919902975.1		50.5	NA	203682 [phylum] Planctomycetota	2517206 [class] Candidatus Brocadiia	1127829 [order] Candidatus Brocadiales	1127830 [family] Candidatus Brocadiaceae	NA	2094028 [species] Candidatus Brocadiaceae bacterium
Candidatus Kuenenia stuttgartiensis	174633		GCA_943322855.2		63.0	NA	203682 [phylum] Planctomycetota	2517206 [class] Candidatus Brocadiia	1127829 [order] Candidatus Brocadiales	1127830 [family] Candidatus Brocadiaceae	380738 [genus] Candidatus Kuenenia	174633 [species] Candidatus Kuenenia stuttgartiensis
Candidatus Kuenenia stuttgartiensis	174633		GCA_943326025.2		30.5	NA	203682 [phylum] Planctomycetota	2517206 [class] Candidatus Brocadiia	1127829 [order] Candidatus Brocadiales	1127830 [family] Candidatus Brocadiaceae	380738 [genus] Candidatus Kuenenia	174633 [species] Candidatus Kuenenia stuttgartiensis
Candidatus Kuenenia stuttgartiensis	174633		GCA_943327465.2		45.5	NA	203682 [phylum] Planctomycetota	2517206 [class] Candidatus Brocadiia	1127829 [order] Candidatus Brocadiales	1127830 [family] Candidatus Brocadiaceae	380738 [genus] Candidatus Kuenenia	174633 [species] Candidatus Kuenenia stuttgartiensis
Candidatus Kuenenia stuttgartiensis	174633		GCA_943327555.2		48.5	NA	203682 [phylum] Planctomycetota	2517206 [class] Candidatus Brocadiia	1127829 [order] Candidatus Brocadiales	1127830 [family] Candidatus Brocadiaceae	380738 [genus] Candidatus Kuenenia	174633 [species] Candidatus Kuenenia stuttgartiensis
Candidatus Kuenenia stuttgartiensis	174633		GCA_943328425.2		58.0	NA	203682 [phylum] Planctomycetota	2517206 [class] Candidatus Brocadiia	1127829 [order] Candidatus Brocadiales	1127830 [family] Candidatus Brocadiaceae	380738 [genus] Candidatus Kuenenia	174633 [species] Candidatus Kuenenia stuttgartiensis
Candidatus Kuenenia stuttgartiensis	174633		GCA_943328605.2		35.0	NA	203682 [phylum] Planctomycetota	2517206 [class] Candidatus Brocadiia	1127829 [order] Candidatus Brocadiales	1127830 [family] Candidatus Brocadiaceae	380738 [genus] Candidatus Kuenenia	174633 [species] Candidatus Kuenenia stuttgartiensis
Candidatus Kuenenia stuttgartiensis	174633		GCA_943328645.2		65.0	NA	203682 [phylum] Planctomycetota	2517206 [class] Candidatus Brocadiia	1127829 [order] Candidatus Brocadiales	1127830 [family] Candidatus Brocadiaceae	380738 [genus] Candidatus Kuenenia	174633 [species] Candidatus Kuenenia stuttgartiensis
Candidatus Kuenenia stuttgartiensis	174633		GCA_943328875.2		43.5	NA	203682 [phylum] Planctomycetota	2517206 [class] Candidatus Brocadiia	1127829 [order] Candidatus Brocadiales	1127830 [family] Candidatus Brocadiaceae	380738 [genus] Candidatus Kuenenia	174633 [species] Candidatus Kuenenia stuttgartiensis
Candidatus Kuenenia stuttgartiensis	174633		GCA_943328935.2		62.5	NA	203682 [phylum] Planctomycetota	2517206 [class] Candidatus Brocadiia	1127829 [order] Candidatus Brocadiales	1127830 [family] Candidatus Brocadiaceae	380738 [genus] Candidatus Kuenenia	174633 [species] Candidatus Kuenenia stuttgartiensis
Candidatus Kuenenia stuttgartiensis	174633		GCA_943329095.2		66.5	NA	203682 [phylum] Planctomycetota	2517206 [class] Candidatus Brocadiia	1127829 [order] Candidatus Brocadiales	1127830 [family] Candidatus Brocadiaceae	380738 [genus] Candidatus Kuenenia	174633 [species] Candidatus Kuenenia stuttgartiensis
Candidatus Kuenenia stuttgartiensis	174633		GCA_943329845.2		66.0	NA	203682 [phylum] Planctomycetota	2517206 [class] Candidatus Brocadiia	1127829 [order] Candidatus Brocadiales	1127830 [family] Candidatus Brocadiaceae	380738 [genus] Candidatus Kuenenia	174633 [species] Candidatus Kuenenia stuttgartiensis
Candidatus Kuenenia stuttgartiensis	174633		GCA_943329905.2		57.0	NA	203682 [phylum] Planctomycetota	2517206 [class] Candidatus Brocadiia	1127829 [order] Candidatus Brocadiales	1127830 [family] Candidatus Brocadiaceae	380738 [genus] Candidatus Kuenenia	174633 [species] Candidatus Kuenenia stuttgartiensis
Candidatus Kuenenia stuttgartiensis	174633		GCA_943330235.2		66.0	NA	203682 [phylum] Planctomycetota	2517206 [class] Candidatus Brocadiia	1127829 [order] Candidatus Brocadiales	1127830 [family] Candidatus Brocadiaceae	380738 [genus] Candidatus Kuenenia	174633 [species] Candidatus Kuenenia stuttgartiensis
Candidatus Kuenenia stuttgartiensis	174633		GCA_943330485.2		58.5	NA	203682 [phylum] Planctomycetota	2517206 [class] Candidatus Brocadiia	1127829 [order] Candidatus Brocadiales	1127830 [family] Candidatus Brocadiaceae	380738 [genus] Candidatus Kuenenia	174633 [species] Candidatus Kuenenia stuttgartiensis
Candidatus Kuenenia stuttgartiensis	174633		GCA_943330725.2		57.0	NA	203682 [phylum] Planctomycetota	2517206 [class] Candidatus Brocadiia	1127829 [order] Candidatus Brocadiales	1127830 [family] Candidatus Brocadiaceae	380738 [genus] Candidatus Kuenenia	174633 [species] Candidatus Kuenenia stuttgartiensis
Candidatus Kuenenia stuttgartiensis	174633		GCA_943330835.2		34.5	NA	203682 [phylum] Planctomycetota	2517206 [class] Candidatus Brocadiia	1127829 [order] Candidatus Brocadiales	1127830 [family] Candidatus Brocadiaceae	380738 [genus] Candidatus Kuenenia	174633 [species] Candidatus Kuenenia stuttgartiensis
Candidatus Kuenenia stuttgartiensis	174633		GCA_943331225.2		40.0	NA	203682 [phylum] Planctomycetota	2517206 [class] Candidatus Brocadiia	1127829 [order] Candidatus Brocadiales	1127830 [family] Candidatus Brocadiaceae	380738 [genus] Candidatus Kuenenia	174633 [species] Candidatus Kuenenia stuttgartiensis
Candidatus Kuenenia stuttgartiensis	174633		GCA_943331275.2		54.0	NA	203682 [phylum] Planctomycetota	2517206 [class] Candidatus Brocadiia	1127829 [order] Candidatus Brocadiales	1127830 [family] Candidatus Brocadiaceae	380738 [genus] Candidatus Kuenenia	174633 [species] Candidatus Kuenenia stuttgartiensis
Candidatus Kuenenia stuttgartiensis	174633		GCA_943331405.2		65.5	NA	203682 [phylum] Planctomycetota	2517206 [class] Candidatus Brocadiia	1127829 [order] Candidatus Brocadiales	1127830 [family] Candidatus Brocadiaceae	380738 [genus] Candidatus Kuenenia	174633 [species] Candidatus Kuenenia stuttgartiensis
Candidatus Kuenenia stuttgartiensis	174633		GCA_943331605.1		65.5	NA	203682 [phylum] Planctomycetota	2517206 [class] Candidatus Brocadiia	1127829 [order] Candidatus Brocadiales	1127830 [family] Candidatus Brocadiaceae	380738 [genus] Candidatus Kuenenia	174633 [species] Candidatus Kuenenia stuttgartiensis
Candidatus Kuenenia stuttgartiensis	174633		GCA_943332215.1		63.0	NA	203682 [phylum] Planctomycetota	2517206 [class] Candidatus Brocadiia	1127829 [order] Candidatus Brocadiales	1127830 [family] Candidatus Brocadiaceae	380738 [genus] Candidatus Kuenenia	174633 [species] Candidatus Kuenenia stuttgartiensis
Candidatus Kuenenia stuttgartiensis	174633		GCA_943332225.1		68.0	NA	203682 [phylum] Planctomycetota	2517206 [class] Candidatus Brocadiia	1127829 [order] Candidatus Brocadiales	1127830 [family] Candidatus Brocadiaceae	380738 [genus] Candidatus Kuenenia	174633 [species] Candidatus Kuenenia stuttgartiensis
Candidatus Kuenenia stuttgartiensis	174633		GCA_943332855.1		68.0	NA	203682 [phylum] Planctomycetota	2517206 [class] Candidatus Brocadiia	1127829 [order] Candidatus Brocadiales	1127830 [family] Candidatus Brocadiaceae	380738 [genus] Candidatus Kuenenia	174633 [species] Candidatus Kuenenia stuttgartiensis
Candidatus Kuenenia stuttgartiensis	174633		GCA_943333465.2		54.0	NA	203682 [phylum] Planctomycetota	2517206 [class] Candidatus Brocadiia	1127829 [order] Candidatus Brocadiales	1127830 [family] Candidatus Brocadiaceae	380738 [genus] Candidatus Kuenenia	174633 [species] Candidatus Kuenenia stuttgartiensis
Candidatus Kuenenia stuttgartiensis	174633		GCA_943333605.2		52.0	NA	203682 [phylum] Planctomycetota	2517206 [class] Candidatus Brocadiia	1127829 [order] Candidatus Brocadiales	1127830 [family] Candidatus Brocadiaceae	380738 [genus] Candidatus Kuenenia	174633 [species] Candidatus Kuenenia stuttgartiensis
Candidatus Kuenenia stuttgartiensis	174633		GCA_943333765.2		52.0	NA	203682 [phylum] Planctomycetota	2517206 [class] Candidatus Brocadiia	1127829 [order] Candidatus Brocadiales	1127830 [family] Candidatus Brocadiaceae	380738 [genus] Candidatus Kuenenia	174633 [species] Candidatus Kuenenia stuttgartiensis
Candidatus Kuenenia stuttgartiensis	174633		GCA_943333815.2		59.0	NA	203682 [phylum] Planctomycetota	2517206 [class] Candidatus Brocadiia	1127829 [order] Candidatus Brocadiales	1127830 [family] Candidatus Brocadiaceae	380738 [genus] Candidatus Kuenenia	174633 [species] Candidatus Kuenenia stuttgartiensis
Candidatus Kuenenia stuttgartiensis	174633		GCA_943333935.2		33.0	NA	203682 [phylum] Planctomycetota	2517206 [class] Candidatus Brocadiia	1127829 [order] Candidatus Brocadiales	1127830 [family] Candidatus Brocadiaceae	380738 [genus] Candidatus Kuenenia	174633 [species] Candidatus Kuenenia stuttgartiensis
Candidatus Kuenenia stuttgartiensis	174633		GCA_943334135.2		63.0	NA	203682 [phylum] Planctomycetota	2517206 [class] Candidatus Brocadiia	1127829 [order] Candidatus Brocadiales	1127830 [family] Candidatus Brocadiaceae	380738 [genus] Candidatus Kuenenia	174633 [species] Candidatus Kuenenia stuttgartiensis
Candidatus Kuenenia stuttgartiensis	174633		GCA_943334175.2		63.0	NA	203682 [phylum] Planctomycetota	2517206 [class] Candidatus Brocadiia	1127829 [order] Candidatus Brocadiales	1127830 [family] Candidatus Brocadiaceae	380738 [genus] Candidatus Kuenenia	174633 [species] Candidatus Kuenenia stuttgartiensis
Candidatus Kuenenia stuttgartiensis	174633		GCA_943334305.2		63.0	NA	203682 [phylum] Planctomycetota	2517206 [class] Candidatus Brocadiia	1127829 [order] Candidatus Brocadiales	1127830 [family] Candidatus Brocadiaceae	380738 [genus] Candidatus Kuenenia	174633 [species] Candidatus Kuenenia stuttgartiensis
Candidatus Kuenenia stuttgartiensis	174633		GCA_943334335.2		68.0	NA	203682 [phylum] Planctomycetota	2517206 [class] Candidatus Brocadiia	1127829 [order] Candidatus Brocadiales	1127830 [family] Candidatus Brocadiaceae	380738 [genus] Candidatus Kuenenia	174633 [species] Candidatus Kuenenia stuttgartiensis
Candidatus Kuenenia stuttgartiensis	174633		GCA_943334375.2		52.5	NA	203682 [phylum] Planctomycetota	2517206 [class] Candidatus Brocadiia	1127829 [order] Candidatus Brocadiales	1127830 [family] Candidatus Brocadiaceae	380738 [genus] Candidatus Kuenenia	174633 [species] Candidatus Kuenenia stuttgartiensis
Candidatus Kuenenia stuttgartiensis	174633		GCA_943334385.2		68.0	NA	203682 [phylum] Planctomycetota	2517206 [class] Candidatus Brocadiia	1127829 [order] Candidatus Brocadiales	1127830 [family] Candidatus Brocadiaceae	380738 [genus] Candidatus Kuenenia	174633 [species] Candidatus Kuenenia stuttgartiensis
Candidatus Kuenenia stuttgartiensis	174633		GCA_943334615.2		68.0	NA	203682 [phylum] Planctomycetota	2517206 [class] Candidatus Brocadiia	1127829 [order] Candidatus Brocadiales	1127830 [family] Candidatus Brocadiaceae	380738 [genus] Candidatus Kuenenia	174633 [species] Candidatus Kuenenia stuttgartiensis
Candidatus Kuenenia stuttgartiensis	174633		GCA_943334625.2		60.0	NA	203682 [phylum] Planctomycetota	2517206 [class] Candidatus Brocadiia	1127829 [order] Candidatus Brocadiales	1127830 [family] Candidatus Brocadiaceae	380738 [genus] Candidatus Kuenenia	174633 [species] Candidatus Kuenenia stuttgartiensis
Candidatus Kuenenia stuttgartiensis	174633		GCA_943334675.2		65.5	NA	203682 [phylum] Planctomycetota	2517206 [class] Candidatus Brocadiia	1127829 [order] Candidatus Brocadiales	1127830 [family] Candidatus Brocadiaceae	380738 [genus] Candidatus Kuenenia	174633 [species] Candidatus Kuenenia stuttgartiensis
Candidatus Kuenenia stuttgartiensis	174633		GCA_943334755.2		65.5	NA	203682 [phylum] Planctomycetota	2517206 [class] Candidatus Brocadiia	1127829 [order] Candidatus Brocadiales	1127830 [family] Candidatus Brocadiaceae	380738 [genus] Candidatus Kuenenia	174633 [species] Candidatus Kuenenia stuttgartiensis
Candidatus Kuenenia stuttgartiensis	174633		GCA_945859835.1		58.5	NA	203682 [phylum] Planctomycetota	2517206 [class] Candidatus Brocadiia	1127829 [order] Candidatus Brocadiales	1127830 [family] Candidatus Brocadiaceae	380738 [genus] Candidatus Kuenenia	174633 [species] Candidatus Kuenenia stuttgartiensis
Candidatus Kuenenia stuttgartiensis	174633		GCA_945859935.1		67.5	NA	203682 [phylum] Planctomycetota	2517206 [class] Candidatus Brocadiia	1127829 [order] Candidatus Brocadiales	1127830 [family] Candidatus Brocadiaceae	380738 [genus] Candidatus Kuenenia	174633 [species] Candidatus Kuenenia stuttgartiensis
Candidatus Kuenenia stuttgartiensis	174633		GCA_945859985.1		59.5	NA	203682 [phylum] Planctomycetota	2517206 [class] Candidatus Brocadiia	1127829 [order] Candidatus Brocadiales	1127830 [family] Candidatus Brocadiaceae	380738 [genus] Candidatus Kuenenia	174633 [species] Candidatus Kuenenia stuttgartiensis
Candidatus Kuenenia stuttgartiensis	174633		GCA_945860405.1		68.0	NA	203682 [phylum] Planctomycetota	2517206 [class] Candidatus Brocadiia	1127829 [order] Candidatus Brocadiales	1127830 [family] Candidatus Brocadiaceae	380738 [genus] Candidatus Kuenenia	174633 [species] Candidatus Kuenenia stuttgartiensis
Candidatus Kuenenia stuttgartiensis	174633		GCA_945860525.1		43.5	NA	203682 [phylum] Planctomycetota	2517206 [class] Candidatus Brocadiia	1127829 [order] Candidatus Brocadiales	1127830 [family] Candidatus Brocadiaceae	380738 [genus] Candidatus Kuenenia	174633 [species] Candidatus Kuenenia stuttgartiensis
Candidatus Kuenenia stuttgartiensis	174633		GCA_945860655.1		69.0	NA	203682 [phylum] Planctomycetota	2517206 [class] Candidatus Brocadiia	1127829 [order] Candidatus Brocadiales	1127830 [family] Candidatus Brocadiaceae	380738 [genus] Candidatus Kuenenia	174633 [species] Candidatus Kuenenia stuttgartiensis
Candidatus Kuenenia stuttgartiensis	174633		GCA_945860795.1		43.5	NA	203682 [phylum] Planctomycetota	2517206 [class] Candidatus Brocadiia	1127829 [order] Candidatus Brocadiales	1127830 [family] Candidatus Brocadiaceae	380738 [genus] Candidatus Kuenenia	174633 [species] Candidatus Kuenenia stuttgartiensis
Candidatus Kuenenia stuttgartiensis	174633		GCA_945860805.1		63.0	NA	203682 [phylum] Planctomycetota	2517206 [class] Candidatus Brocadiia	1127829 [order] Candidatus Brocadiales	1127830 [family] Candidatus Brocadiaceae	380738 [genus] Candidatus Kuenenia	174633 [species] Candidatus Kuenenia stuttgartiensis
Candidatus Kuenenia stuttgartiensis	174633		GCA_945860815.1		55.5	NA	203682 [phylum] Planctomycetota	2517206 [class] Candidatus Brocadiia	1127829 [order] Candidatus Brocadiales	1127830 [family] Candidatus Brocadiaceae	380738 [genus] Candidatus Kuenenia	174633 [species] Candidatus Kuenenia stuttgartiensis
Candidatus Kuenenia stuttgartiensis	174633		GCA_945860915.1		59.5	NA	203682 [phylum] Planctomycetota	2517206 [class] Candidatus Brocadiia	1127829 [order] Candidatus Brocadiales	1127830 [family] Candidatus Brocadiaceae	380738 [genus] Candidatus Kuenenia	174633 [species] Candidatus Kuenenia stuttgartiensis
Candidatus Kuenenia stuttgartiensis	174633		GCA_945861185.1		59.5	NA	203682 [phylum] Planctomycetota	2517206 [class] Candidatus Brocadiia	1127829 [order] Candidatus Brocadiales	1127830 [family] Candidatus Brocadiaceae	380738 [genus] Candidatus Kuenenia	174633 [species] Candidatus Kuenenia stuttgartiensis
Candidatus Kuenenia stuttgartiensis	174633		GCA_945861365.1		70.0	NA	203682 [phylum] Planctomycetota	2517206 [class] Candidatus Brocadiia	1127829 [order] Candidatus Brocadiales	1127830 [family] Candidatus Brocadiaceae	380738 [genus] Candidatus Kuenenia	174633 [species] Candidatus Kuenenia stuttgartiensis
Candidatus Kuenenia stuttgartiensis	174633		GCA_945861465.1		55.0	NA	203682 [phylum] Planctomycetota	2517206 [class] Candidatus Brocadiia	1127829 [order] Candidatus Brocadiales	1127830 [family] Candidatus Brocadiaceae	380738 [genus] Candidatus Kuenenia	174633 [species] Candidatus Kuenenia stuttgartiensis
Candidatus Kuenenia stuttgartiensis	174633		GCA_945861825.1		68.5	NA	203682 [phylum] Planctomycetota	2517206 [class] Candidatus Brocadiia	1127829 [order] Candidatus Brocadiales	1127830 [family] Candidatus Brocadiaceae	380738 [genus] Candidatus Kuenenia	174633 [species] Candidatus Kuenenia stuttgartiensis
Candidatus Kuenenia stuttgartiensis	174633		GCA_945861865.1		59.5	NA	203682 [phylum] Planctomycetota	2517206 [class] Candidatus Brocadiia	1127829 [order] Candidatus Brocadiales	1127830 [family] Candidatus Brocadiaceae	380738 [genus] Candidatus Kuenenia	174633 [species] Candidatus Kuenenia stuttgartiensis
Candidatus Kuenenia stuttgartiensis	174633		GCA_945861975.1		54.0	NA	203682 [phylum] Planctomycetota	2517206 [class] Candidatus Brocadiia	1127829 [order] Candidatus Brocadiales	1127830 [family] Candidatus Brocadiaceae	380738 [genus] Candidatus Kuenenia	174633 [species] Candidatus Kuenenia stuttgartiensis
Candidatus Kuenenia stuttgartiensis	174633		GCA_945862105.1		54.0	NA	203682 [phylum] Planctomycetota	2517206 [class] Candidatus Brocadiia	1127829 [order] Candidatus Brocadiales	1127830 [family] Candidatus Brocadiaceae	380738 [genus] Candidatus Kuenenia	174633 [species] Candidatus Kuenenia stuttgartiensis
Candidatus Kuenenia stuttgartiensis	174633		GCA_945865255.1		55.0	NA	203682 [phylum] Planctomycetota	2517206 [class] Candidatus Brocadiia	1127829 [order] Candidatus Brocadiales	1127830 [family] Candidatus Brocadiaceae	380738 [genus] Candidatus Kuenenia	174633 [species] Candidatus Kuenenia stuttgartiensis
Candidatus Kuenenia stuttgartiensis	174633		GCA_945865325.1		68.0	NA	203682 [phylum] Planctomycetota	2517206 [class] Candidatus Brocadiia	1127829 [order] Candidatus Brocadiales	1127830 [family] Candidatus Brocadiaceae	380738 [genus] Candidatus Kuenenia	174633 [species] Candidatus Kuenenia stuttgartiensis
Candidatus Kuenenia stuttgartiensis	174633		GCA_945865635.1		52.0	NA	203682 [phylum] Planctomycetota	2517206 [class] Candidatus Brocadiia	1127829 [order] Candidatus Brocadiales	1127830 [family] Candidatus Brocadiaceae	380738 [genus] Candidatus Kuenenia	174633 [species] Candidatus Kuenenia stuttgartiensis
Candidatus Kuenenia stuttgartiensis	174633		GCA_945869525.1		54.5	NA	203682 [phylum] Planctomycetota	2517206 [class] Candidatus Brocadiia	1127829 [order] Candidatus Brocadiales	1127830 [family] Candidatus Brocadiaceae	380738 [genus] Candidatus Kuenenia	174633 [species] Candidatus Kuenenia stuttgartiensis
Candidatus Kuenenia stuttgartiensis	174633		GCA_945869685.1		67.5	NA	203682 [phylum] Planctomycetota	2517206 [class] Candidatus Brocadiia	1127829 [order] Candidatus Brocadiales	1127830 [family] Candidatus Brocadiaceae	380738 [genus] Candidatus Kuenenia	174633 [species] Candidatus Kuenenia stuttgartiensis
Candidatus Kuenenia stuttgartiensis	174633		GCA_945870505.1		67.5	NA	203682 [phylum] Planctomycetota	2517206 [class] Candidatus Brocadiia	1127829 [order] Candidatus Brocadiales	1127830 [family] Candidatus Brocadiaceae	380738 [genus] Candidatus Kuenenia	174633 [species] Candidatus Kuenenia stuttgartiensis
Candidatus Kuenenia stuttgartiensis	174633		GCA_945870875.1		68.5	NA	203682 [phylum] Planctomycetota	2517206 [class] Candidatus Brocadiia	1127829 [order] Candidatus Brocadiales	1127830 [family] Candidatus Brocadiaceae	380738 [genus] Candidatus Kuenenia	174633 [species] Candidatus Kuenenia stuttgartiensis
Candidatus Kuenenia stuttgartiensis	174633		GCA_945870915.1		71.0	NA	203682 [phylum] Planctomycetota	2517206 [class] Candidatus Brocadiia	1127829 [order] Candidatus Brocadiales	1127830 [family] Candidatus Brocadiaceae	380738 [genus] Candidatus Kuenenia	174633 [species] Candidatus Kuenenia stuttgartiensis
Candidatus Kuenenia stuttgartiensis	174633		GCA_945871025.1		43.5	NA	203682 [phylum] Planctomycetota	2517206 [class] Candidatus Brocadiia	1127829 [order] Candidatus Brocadiales	1127830 [family] Candidatus Brocadiaceae	380738 [genus] Candidatus Kuenenia	174633 [species] Candidatus Kuenenia stuttgartiensis
Candidatus Kuenenia stuttgartiensis	174633		GCA_945871725.1		54.5	NA	203682 [phylum] Planctomycetota	2517206 [class] Candidatus Brocadiia	1127829 [order] Candidatus Brocadiales	1127830 [family] Candidatus Brocadiaceae	380738 [genus] Candidatus Kuenenia	174633 [species] Candidatus Kuenenia stuttgartiensis
Candidatus Kuenenia stuttgartiensis	174633		GCA_945871975.1		44.0	NA	203682 [phylum] Planctomycetota	2517206 [class] Candidatus Brocadiia	1127829 [order] Candidatus Brocadiales	1127830 [family] Candidatus Brocadiaceae	380738 [genus] Candidatus Kuenenia	174633 [species] Candidatus Kuenenia stuttgartiensis
Candidatus Kuenenia stuttgartiensis	174633		GCA_945872255.1		58.5	NA	203682 [phylum] Planctomycetota	2517206 [class] Candidatus Brocadiia	1127829 [order] Candidatus Brocadiales	1127830 [family] Candidatus Brocadiaceae	380738 [genus] Candidatus Kuenenia	174633 [species] Candidatus Kuenenia stuttgartiensis
Candidatus Kuenenia stuttgartiensis	174633		GCA_945872275.1		44.0	NA	203682 [phylum] Planctomycetota	2517206 [class] Candidatus Brocadiia	1127829 [order] Candidatus Brocadiales	1127830 [family] Candidatus Brocadiaceae	380738 [genus] Candidatus Kuenenia	174633 [species] Candidatus Kuenenia stuttgartiensis
Candidatus Kuenenia stuttgartiensis	174633		GCA_945872305.1		71.5	NA	203682 [phylum] Planctomycetota	2517206 [class] Candidatus Brocadiia	1127829 [order] Candidatus Brocadiales	1127830 [family] Candidatus Brocadiaceae	380738 [genus] Candidatus Kuenenia	174633 [species] Candidatus Kuenenia stuttgartiensis
Candidatus Kuenenia stuttgartiensis	174633		GCA_945872325.1		52.0	NA	203682 [phylum] Planctomycetota	2517206 [class] Candidatus Brocadiia	1127829 [order] Candidatus Brocadiales	1127830 [family] Candidatus Brocadiaceae	380738 [genus] Candidatus Kuenenia	174633 [species] Candidatus Kuenenia stuttgartiensis
Candidatus Kuenenia stuttgartiensis	174633		GCA_945872395.1		58.5	NA	203682 [phylum] Planctomycetota	2517206 [class] Candidatus Brocadiia	1127829 [order] Candidatus Brocadiales	1127830 [family] Candidatus Brocadiaceae	380738 [genus] Candidatus Kuenenia	174633 [species] Candidatus Kuenenia stuttgartiensis
Candidatus Kuenenia stuttgartiensis	174633		GCA_945873025.1		66.0	NA	203682 [phylum] Planctomycetota	2517206 [class] Candidatus Brocadiia	1127829 [order] Candidatus Brocadiales	1127830 [family] Candidatus Brocadiaceae	380738 [genus] Candidatus Kuenenia	174633 [species] Candidatus Kuenenia stuttgartiensis
Candidatus Kuenenia stuttgartiensis	174633		GCA_945873085.1		68.0	NA	203682 [phylum] Planctomycetota	2517206 [class] Candidatus Brocadiia	1127829 [order] Candidatus Brocadiales	1127830 [family] Candidatus Brocadiaceae	380738 [genus] Candidatus Kuenenia	174633 [species] Candidatus Kuenenia stuttgartiensis
Candidatus Kuenenia stuttgartiensis	174633		GCA_945873415.1		63.0	NA	203682 [phylum] Planctomycetota	2517206 [class] Candidatus Brocadiia	1127829 [order] Candidatus Brocadiales	1127830 [family] Candidatus Brocadiaceae	380738 [genus] Candidatus Kuenenia	174633 [species] Candidatus Kuenenia stuttgartiensis
Candidatus Kuenenia stuttgartiensis	174633		GCA_945874095.1		51.5	NA	203682 [phylum] Planctomycetota	2517206 [class] Candidatus Brocadiia	1127829 [order] Candidatus Brocadiales	1127830 [family] Candidatus Brocadiaceae	380738 [genus] Candidatus Kuenenia	174633 [species] Candidatus Kuenenia stuttgartiensis
Candidatus Kuenenia stuttgartiensis	174633		GCA_945874605.1		68.0	NA	203682 [phylum] Planctomycetota	2517206 [class] Candidatus Brocadiia	1127829 [order] Candidatus Brocadiales	1127830 [family] Candidatus Brocadiaceae	380738 [genus] Candidatus Kuenenia	174633 [species] Candidatus Kuenenia stuttgartiensis
Candidatus Kuenenia stuttgartiensis	174633		GCA_945875585.1		54.5	NA	203682 [phylum] Planctomycetota	2517206 [class] Candidatus Brocadiia	1127829 [order] Candidatus Brocadiales	1127830 [family] Candidatus Brocadiaceae	380738 [genus] Candidatus Kuenenia	174633 [species] Candidatus Kuenenia stuttgartiensis
Candidatus Kuenenia stuttgartiensis	174633		GCA_945876185.1		66.0	NA	203682 [phylum] Planctomycetota	2517206 [class] Candidatus Brocadiia	1127829 [order] Candidatus Brocadiales	1127830 [family] Candidatus Brocadiaceae	380738 [genus] Candidatus Kuenenia	174633 [species] Candidatus Kuenenia stuttgartiensis
Candidatus Kuenenia stuttgartiensis	174633		GCA_945876515.1		70.0	NA	203682 [phylum] Planctomycetota	2517206 [class] Candidatus Brocadiia	1127829 [order] Candidatus Brocadiales	1127830 [family] Candidatus Brocadiaceae	380738 [genus] Candidatus Kuenenia	174633 [species] Candidatus Kuenenia stuttgartiensis
Candidatus Kuenenia stuttgartiensis	174633		GCA_945877135.1		65.5	NA	203682 [phylum] Planctomycetota	2517206 [class] Candidatus Brocadiia	1127829 [order] Candidatus Brocadiales	1127830 [family] Candidatus Brocadiaceae	380738 [genus] Candidatus Kuenenia	174633 [species] Candidatus Kuenenia stuttgartiensis
Candidatus Kuenenia stuttgartiensis	174633		GCA_945877785.1		55.0	NA	203682 [phylum] Planctomycetota	2517206 [class] Candidatus Brocadiia	1127829 [order] Candidatus Brocadiales	1127830 [family] Candidatus Brocadiaceae	380738 [genus] Candidatus Kuenenia	174633 [species] Candidatus Kuenenia stuttgartiensis
Candidatus Kuenenia stuttgartiensis	174633		GCA_945878565.1		58.0	NA	203682 [phylum] Planctomycetota	2517206 [class] Candidatus Brocadiia	1127829 [order] Candidatus Brocadiales	1127830 [family] Candidatus Brocadiaceae	380738 [genus] Candidatus Kuenenia	174633 [species] Candidatus Kuenenia stuttgartiensis
Candidatus Kuenenia stuttgartiensis	174633		GCA_945878685.1		63.0	NA	203682 [phylum] Planctomycetota	2517206 [class] Candidatus Brocadiia	1127829 [order] Candidatus Brocadiales	1127830 [family] Candidatus Brocadiaceae	380738 [genus] Candidatus Kuenenia	174633 [species] Candidatus Kuenenia stuttgartiensis
Candidatus Kuenenia stuttgartiensis	174633		GCA_945878735.1		54.5	NA	203682 [phylum] Planctomycetota	2517206 [class] Candidatus Brocadiia	1127829 [order] Candidatus Brocadiales	1127830 [family] Candidatus Brocadiaceae	380738 [genus] Candidatus Kuenenia	174633 [species] Candidatus Kuenenia stuttgartiensis
Candidatus Kuenenia stuttgartiensis	174633		GCA_945879085.1		44.0	NA	203682 [phylum] Planctomycetota	2517206 [class] Candidatus Brocadiia	1127829 [order] Candidatus Brocadiales	1127830 [family] Candidatus Brocadiaceae	380738 [genus] Candidatus Kuenenia	174633 [species] Candidatus Kuenenia stuttgartiensis
Candidatus Kuenenia stuttgartiensis	174633		GCA_945882075.1		57.0	NA	203682 [phylum] Planctomycetota	2517206 [class] Candidatus Brocadiia	1127829 [order] Candidatus Brocadiales	1127830 [family] Candidatus Brocadiaceae	380738 [genus] Candidatus Kuenenia	174633 [species] Candidatus Kuenenia stuttgartiensis
Candidatus Kuenenia stuttgartiensis	174633		GCA_945883745.1		65.0	NA	203682 [phylum] Planctomycetota	2517206 [class] Candidatus Brocadiia	1127829 [order] Candidatus Brocadiales	1127830 [family] Candidatus Brocadiaceae	380738 [genus] Candidatus Kuenenia	174633 [species] Candidatus Kuenenia stuttgartiensis
Candidatus Kuenenia stuttgartiensis	174633		GCA_945888505.1		63.0	NA	203682 [phylum] Planctomycetota	2517206 [class] Candidatus Brocadiia	1127829 [order] Candidatus Brocadiales	1127830 [family] Candidatus Brocadiaceae	380738 [genus] Candidatus Kuenenia	174633 [species] Candidatus Kuenenia stuttgartiensis
Candidatus Kuenenia stuttgartiensis	174633		GCA_945889185.1		44.0	NA	203682 [phylum] Planctomycetota	2517206 [class] Candidatus Brocadiia	1127829 [order] Candidatus Brocadiales	1127830 [family] Candidatus Brocadiaceae	380738 [genus] Candidatus Kuenenia	174633 [species] Candidatus Kuenenia stuttgartiensis
Candidatus Kuenenia stuttgartiensis	174633		GCA_945889605.1		44.0	NA	203682 [phylum] Planctomycetota	2517206 [class] Candidatus Brocadiia	1127829 [order] Candidatus Brocadiales	1127830 [family] Candidatus Brocadiaceae	380738 [genus] Candidatus Kuenenia	174633 [species] Candidatus Kuenenia stuttgartiensis
Candidatus Kuenenia stuttgartiensis	174633		GCA_945890755.1		68.0	NA	203682 [phylum] Planctomycetota	2517206 [class] Candidatus Brocadiia	1127829 [order] Candidatus Brocadiales	1127830 [family] Candidatus Brocadiaceae	380738 [genus] Candidatus Kuenenia	174633 [species] Candidatus Kuenenia stuttgartiensis
Candidatus Kuenenia stuttgartiensis	174633		GCA_945890855.1		54.5	NA	203682 [phylum] Planctomycetota	2517206 [class] Candidatus Brocadiia	1127829 [order] Candidatus Brocadiales	1127830 [family] Candidatus Brocadiaceae	380738 [genus] Candidatus Kuenenia	174633 [species] Candidatus Kuenenia stuttgartiensis
Candidatus Kuenenia stuttgartiensis	174633		GCA_945890885.1		43.5	NA	203682 [phylum] Planctomycetota	2517206 [class] Candidatus Brocadiia	1127829 [order] Candidatus Brocadiales	1127830 [family] Candidatus Brocadiaceae	380738 [genus] Candidatus Kuenenia	174633 [species] Candidatus Kuenenia stuttgartiensis
Candidatus Kuenenia stuttgartiensis	174633		GCA_945891385.1		67.5	NA	203682 [phylum] Planctomycetota	2517206 [class] Candidatus Brocadiia	1127829 [order] Candidatus Brocadiales	1127830 [family] Candidatus Brocadiaceae	380738 [genus] Candidatus Kuenenia	174633 [species] Candidatus Kuenenia stuttgartiensis
Candidatus Kuenenia stuttgartiensis	174633		GCA_945896955.1		43.5	NA	203682 [phylum] Planctomycetota	2517206 [class] Candidatus Brocadiia	1127829 [order] Candidatus Brocadiales	1127830 [family] Candidatus Brocadiaceae	380738 [genus] Candidatus Kuenenia	174633 [species] Candidatus Kuenenia stuttgartiensis
Candidatus Kuenenia stuttgartiensis	174633		GCA_945897435.1		66.5	NA	203682 [phylum] Planctomycetota	2517206 [class] Candidatus Brocadiia	1127829 [order] Candidatus Brocadiales	1127830 [family] Candidatus Brocadiaceae	380738 [genus] Candidatus Kuenenia	174633 [species] Candidatus Kuenenia stuttgartiensis
Candidatus Kuenenia stuttgartiensis	174633		GCA_945897485.1		43.5	NA	203682 [phylum] Planctomycetota	2517206 [class] Candidatus Brocadiia	1127829 [order] Candidatus Brocadiales	1127830 [family] Candidatus Brocadiaceae	380738 [genus] Candidatus Kuenenia	174633 [species] Candidatus Kuenenia stuttgartiensis
Candidatus Kuenenia stuttgartiensis	174633		GCA_945897505.1		59.5	NA	203682 [phylum] Planctomycetota	2517206 [class] Candidatus Brocadiia	1127829 [order] Candidatus Brocadiales	1127830 [family] Candidatus Brocadiaceae	380738 [genus] Candidatus Kuenenia	174633 [species] Candidatus Kuenenia stuttgartiensis
Candidatus Kuenenia stuttgartiensis	174633		GCA_945897965.1		43.5	NA	203682 [phylum] Planctomycetota	2517206 [class] Candidatus Brocadiia	1127829 [order] Candidatus Brocadiales	1127830 [family] Candidatus Brocadiaceae	380738 [genus] Candidatus Kuenenia	174633 [species] Candidatus Kuenenia stuttgartiensis
Candidatus Kuenenia stuttgartiensis	174633		GCA_945898125.1		58.5	NA	203682 [phylum] Planctomycetota	2517206 [class] Candidatus Brocadiia	1127829 [order] Candidatus Brocadiales	1127830 [family] Candidatus Brocadiaceae	380738 [genus] Candidatus Kuenenia	174633 [species] Candidatus Kuenenia stuttgartiensis
Candidatus Kuenenia stuttgartiensis	174633		GCA_945901945.1		55.0	NA	203682 [phylum] Planctomycetota	2517206 [class] Candidatus Brocadiia	1127829 [order] Candidatus Brocadiales	1127830 [family] Candidatus Brocadiaceae	380738 [genus] Candidatus Kuenenia	174633 [species] Candidatus Kuenenia stuttgartiensis
Candidatus Kuenenia stuttgartiensis	174633		GCA_945902045.1		52.0	NA	203682 [phylum] Planctomycetota	2517206 [class] Candidatus Brocadiia	1127829 [order] Candidatus Brocadiales	1127830 [family] Candidatus Brocadiaceae	380738 [genus] Candidatus Kuenenia	174633 [species] Candidatus Kuenenia stuttgartiensis
Candidatus Kuenenia stuttgartiensis	174633		GCA_945902075.1		60.5	NA	203682 [phylum] Planctomycetota	2517206 [class] Candidatus Brocadiia	1127829 [order] Candidatus Brocadiales	1127830 [family] Candidatus Brocadiaceae	380738 [genus] Candidatus Kuenenia	174633 [species] Candidatus Kuenenia stuttgartiensis
Candidatus Kuenenia stuttgartiensis	174633		GCA_945902105.1		59.5	NA	203682 [phylum] Planctomycetota	2517206 [class] Candidatus Brocadiia	1127829 [order] Candidatus Brocadiales	1127830 [family] Candidatus Brocadiaceae	380738 [genus] Candidatus Kuenenia	174633 [species] Candidatus Kuenenia stuttgartiensis
Candidatus Kuenenia stuttgartiensis	174633		GCA_945902855.1		58.5	NA	203682 [phylum] Planctomycetota	2517206 [class] Candidatus Brocadiia	1127829 [order] Candidatus Brocadiales	1127830 [family] Candidatus Brocadiaceae	380738 [genus] Candidatus Kuenenia	174633 [species] Candidatus Kuenenia stuttgartiensis
Candidatus Kuenenia stuttgartiensis	174633		GCA_945902875.1		68.0	NA	203682 [phylum] Planctomycetota	2517206 [class] Candidatus Brocadiia	1127829 [order] Candidatus Brocadiales	1127830 [family] Candidatus Brocadiaceae	380738 [genus] Candidatus Kuenenia	174633 [species] Candidatus Kuenenia stuttgartiensis
Candidatus Kuenenia stuttgartiensis	174633		GCA_945904015.1		60.0	NA	203682 [phylum] Planctomycetota	2517206 [class] Candidatus Brocadiia	1127829 [order] Candidatus Brocadiales	1127830 [family] Candidatus Brocadiaceae	380738 [genus] Candidatus Kuenenia	174633 [species] Candidatus Kuenenia stuttgartiensis
Candidatus Kuenenia stuttgartiensis	174633		GCA_945906725.1		59.5	NA	203682 [phylum] Planctomycetota	2517206 [class] Candidatus Brocadiia	1127829 [order] Candidatus Brocadiales	1127830 [family] Candidatus Brocadiaceae	380738 [genus] Candidatus Kuenenia	174633 [species] Candidatus Kuenenia stuttgartiensis
Candidatus Kuenenia stuttgartiensis	174633		GCA_945907025.1		58.5	NA	203682 [phylum] Planctomycetota	2517206 [class] Candidatus Brocadiia	1127829 [order] Candidatus Brocadiales	1127830 [family] Candidatus Brocadiaceae	380738 [genus] Candidatus Kuenenia	174633 [species] Candidatus Kuenenia stuttgartiensis
Candidatus Kuenenia stuttgartiensis	174633		GCA_945907145.1		43.5	NA	203682 [phylum] Planctomycetota	2517206 [class] Candidatus Brocadiia	1127829 [order] Candidatus Brocadiales	1127830 [family] Candidatus Brocadiaceae	380738 [genus] Candidatus Kuenenia	174633 [species] Candidatus Kuenenia stuttgartiensis
Candidatus Kuenenia stuttgartiensis	174633		GCA_945947655.1		63.0	NA	203682 [phylum] Planctomycetota	2517206 [class] Candidatus Brocadiia	1127829 [order] Candidatus Brocadiales	1127830 [family] Candidatus Brocadiaceae	380738 [genus] Candidatus Kuenenia	174633 [species] Candidatus Kuenenia stuttgartiensis
Candidatus Kuenenia stuttgartiensis	174633		GCA_945949195.1		52.0	NA	203682 [phylum] Planctomycetota	2517206 [class] Candidatus Brocadiia	1127829 [order] Candidatus Brocadiales	1127830 [family] Candidatus Brocadiaceae	380738 [genus] Candidatus Kuenenia	174633 [species] Candidatus Kuenenia stuttgartiensis
Candidatus Kuenenia stuttgartiensis	174633		GCA_945949615.1		58.5	NA	203682 [phylum] Planctomycetota	2517206 [class] Candidatus Brocadiia	1127829 [order] Candidatus Brocadiales	1127830 [family] Candidatus Brocadiaceae	380738 [genus] Candidatus Kuenenia	174633 [species] Candidatus Kuenenia stuttgartiensis
uncultured Candidatus Brocadia sp.	397282		GCA_949281235.1		43.5	NA	203682 [phylum] Planctomycetota	2517206 [class] Candidatus Brocadiia	1127829 [order] Candidatus Brocadiales	1127830 [family] Candidatus Brocadiaceae	380240 [genus] Candidatus Brocadia	397282 [species] uncultured Candidatus Brocadia sp.
uncultured Candidatus Brocadia sp.	397282		GCA_949281315.1		42.5	NA	203682 [phylum] Planctomycetota	2517206 [class] Candidatus Brocadiia	1127829 [order] Candidatus Brocadiales	1127830 [family] Candidatus Brocadiaceae	380240 [genus] Candidatus Brocadia	397282 [species] uncultured Candidatus Brocadia sp.
uncultured Candidatus Brocadia sp.	397282		GCA_949281365.1		45.0	NA	203682 [phylum] Planctomycetota	2517206 [class] Candidatus Brocadiia	1127829 [order] Candidatus Brocadiales	1127830 [family] Candidatus Brocadiaceae	380240 [genus] Candidatus Brocadia	397282 [species] uncultured Candidatus Brocadia sp.
Candidatus Brocadiaceae bacterium	2094028		GCA_963726505.1		70.0	NA	203682 [phylum] Planctomycetota	2517206 [class] Candidatus Brocadiia	1127829 [order] Candidatus Brocadiales	1127830 [family] Candidatus Brocadiaceae	NA	2094028 [species] Candidatus Brocadiaceae bacterium
Candidatus Brocadiia bacterium	2517210		GCA_963761095.1		67.0	NA	203682 [phylum] Planctomycetota	2517206 [class] Candidatus Brocadiia	NA	NA	NA	2517210 [species] Candidatus Brocadiia bacterium
Candidatus Brocadiaceae bacterium	2094028		GCA_963776885.1		69.0	NA	203682 [phylum] Planctomycetota	2517206 [class] Candidatus Brocadiia	1127829 [order] Candidatus Brocadiales	1127830 [family] Candidatus Brocadiaceae	NA	2094028 [species] Candidatus Brocadiaceae bacterium
Candidatus Brocadiaceae bacterium	2094028		GCA_963805825.1		69.0	NA	203682 [phylum] Planctomycetota	2517206 [class] Candidatus Brocadiia	1127829 [order] Candidatus Brocadiales	1127830 [family] Candidatus Brocadiaceae	NA	2094028 [species] Candidatus Brocadiaceae bacterium
uncultured Candidatus Scalindua sp.	592975		GCA_964194795.1		59.0	NA	203682 [phylum] Planctomycetota	2517206 [class] Candidatus Brocadiia	1127829 [order] Candidatus Brocadiales	2897346 [family] Candidatus Scalinduaceae	236756 [genus] Candidatus Scalindua	592975 [species] uncultured Candidatus Scalindua sp.
uncultured Candidatus Scalindua sp.	592975		GCA_964344685.1		39.5	NA	203682 [phylum] Planctomycetota	2517206 [class] Candidatus Brocadiia	1127829 [order] Candidatus Brocadiales	2897346 [family] Candidatus Scalinduaceae	236756 [genus] Candidatus Scalindua	592975 [species] uncultured Candidatus Scalindua sp.
uncultured candidatus Brocadiaceae bacterium	1735459		GCA_964346565.1		68.0	NA	203682 [phylum] Planctomycetota	2517206 [class] Candidatus Brocadiia	1127829 [order] Candidatus Brocadiales	1127830 [family] Candidatus Brocadiaceae	NA	1735459 [species] uncultured candidatus Brocadiaceae bacterium
uncultured Candidatus Kuenenia sp.	1048336		GCA_964353815.1		68.0	NA	203682 [phylum] Planctomycetota	2517206 [class] Candidatus Brocadiia	1127829 [order] Candidatus Brocadiales	1127830 [family] Candidatus Brocadiaceae	380738 [genus] Candidatus Kuenenia	1048336 [species] uncultured Candidatus Kuenenia sp.
uncultured candidatus Brocadiaceae bacterium	1735459		GCA_964355695.1		46.5	NA	203682 [phylum] Planctomycetota	2517206 [class] Candidatus Brocadiia	1127829 [order] Candidatus Brocadiales	1127830 [family] Candidatus Brocadiaceae	NA	1735459 [species] uncultured candidatus Brocadiaceae bacterium
uncultured candidatus Brocadiaceae bacterium	1735459		GCA_964365925.1		45.0	NA	203682 [phylum] Planctomycetota	2517206 [class] Candidatus Brocadiia	1127829 [order] Candidatus Brocadiales	1127830 [family] Candidatus Brocadiaceae	NA	1735459 [species] uncultured candidatus Brocadiaceae bacterium
uncultured candidatus Brocadiaceae bacterium	1735459		GCA_964367165.1		47.5	NA	203682 [phylum] Planctomycetota	2517206 [class] Candidatus Brocadiia	1127829 [order] Candidatus Brocadiales	1127830 [family] Candidatus Brocadiaceae	NA	1735459 [species] uncultured candidatus Brocadiaceae bacterium
uncultured candidatus Brocadiaceae bacterium	1735459		GCA_964370795.1		43.0	NA	203682 [phylum] Planctomycetota	2517206 [class] Candidatus Brocadiia	1127829 [order] Candidatus Brocadiales	1127830 [family] Candidatus Brocadiaceae	NA	1735459 [species] uncultured candidatus Brocadiaceae bacterium
uncultured candidatus Brocadiaceae bacterium	1735459		GCA_964372185.1		47.0	NA	203682 [phylum] Planctomycetota	2517206 [class] Candidatus Brocadiia	1127829 [order] Candidatus Brocadiales	1127830 [family] Candidatus Brocadiaceae	NA	1735459 [species] uncultured candidatus Brocadiaceae bacterium
uncultured candidatus Brocadiaceae bacterium	1735459		GCA_964384475.1		68.0	NA	203682 [phylum] Planctomycetota	2517206 [class] Candidatus Brocadiia	1127829 [order] Candidatus Brocadiales	1127830 [family] Candidatus Brocadiaceae	NA	1735459 [species] uncultured candidatus Brocadiaceae bacterium
uncultured candidatus Brocadiaceae bacterium	1735459		GCA_964390035.1		69.5	NA	203682 [phylum] Planctomycetota	2517206 [class] Candidatus Brocadiia	1127829 [order] Candidatus Brocadiales	1127830 [family] Candidatus Brocadiaceae	NA	1735459 [species] uncultured candidatus Brocadiaceae bacterium
uncultured candidatus Brocadiaceae bacterium	1735459		GCA_964392305.1		69.0	NA	203682 [phylum] Planctomycetota	2517206 [class] Candidatus Brocadiia	1127829 [order] Candidatus Brocadiales	1127830 [family] Candidatus Brocadiaceae	NA	1735459 [species] uncultured candidatus Brocadiaceae bacterium
uncultured candidatus Brocadiaceae bacterium	1735459		GCA_964392555.1		71.5	NA	203682 [phylum] Planctomycetota	2517206 [class] Candidatus Brocadiia	1127829 [order] Candidatus Brocadiales	1127830 [family] Candidatus Brocadiaceae	NA	1735459 [species] uncultured candidatus Brocadiaceae bacterium
uncultured Candidatus Kuenenia sp.	1048336		GCA_964394595.1		44.0	NA	203682 [phylum] Planctomycetota	2517206 [class] Candidatus Brocadiia	1127829 [order] Candidatus Brocadiales	1127830 [family] Candidatus Brocadiaceae	380738 [genus] Candidatus Kuenenia	1048336 [species] uncultured Candidatus Kuenenia sp.
uncultured Candidatus Kuenenia sp.	1048336		GCA_964403995.1		68.0	NA	203682 [phylum] Planctomycetota	2517206 [class] Candidatus Brocadiia	1127829 [order] Candidatus Brocadiales	1127830 [family] Candidatus Brocadiaceae	380738 [genus] Candidatus Kuenenia	1048336 [species] uncultured Candidatus Kuenenia sp.
uncultured candidatus Brocadiaceae bacterium	1735459		GCA_964405325.1		61.5	NA	203682 [phylum] Planctomycetota	2517206 [class] Candidatus Brocadiia	1127829 [order] Candidatus Brocadiales	1127830 [family] Candidatus Brocadiaceae	NA	1735459 [species] uncultured candidatus Brocadiaceae bacterium
uncultured candidatus Brocadiaceae bacterium	1735459		GCA_964412605.1		70.5	NA	203682 [phylum] Planctomycetota	2517206 [class] Candidatus Brocadiia	1127829 [order] Candidatus Brocadiales	1127830 [family] Candidatus Brocadiaceae	NA	1735459 [species] uncultured candidatus Brocadiaceae bacterium
uncultured candidatus Brocadiaceae bacterium	1735459		GCA_964415495.1		63.0	NA	203682 [phylum] Planctomycetota	2517206 [class] Candidatus Brocadiia	1127829 [order] Candidatus Brocadiales	1127830 [family] Candidatus Brocadiaceae	NA	1735459 [species] uncultured candidatus Brocadiaceae bacterium
uncultured Candidatus Kuenenia sp.	1048336		GCA_964417705.1		67.5	NA	203682 [phylum] Planctomycetota	2517206 [class] Candidatus Brocadiia	1127829 [order] Candidatus Brocadiales	1127830 [family] Candidatus Brocadiaceae	380738 [genus] Candidatus Kuenenia	1048336 [species] uncultured Candidatus Kuenenia sp.
uncultured candidatus Brocadiaceae bacterium	1735459		GCA_964418595.1		71.0	NA	203682 [phylum] Planctomycetota	2517206 [class] Candidatus Brocadiia	1127829 [order] Candidatus Brocadiales	1127830 [family] Candidatus Brocadiaceae	NA	1735459 [species] uncultured candidatus Brocadiaceae bacterium
uncultured candidatus Brocadiaceae bacterium	1735459		GCA_964421565.1		65.0	NA	203682 [phylum] Planctomycetota	2517206 [class] Candidatus Brocadiia	1127829 [order] Candidatus Brocadiales	1127830 [family] Candidatus Brocadiaceae	NA	1735459 [species] uncultured candidatus Brocadiaceae bacterium
uncultured Candidatus Kuenenia sp.	1048336		GCA_964425395.1		71.0	NA	203682 [phylum] Planctomycetota	2517206 [class] Candidatus Brocadiia	1127829 [order] Candidatus Brocadiales	1127830 [family] Candidatus Brocadiaceae	380738 [genus] Candidatus Kuenenia	1048336 [species] uncultured Candidatus Kuenenia sp.
uncultured Candidatus Kuenenia sp.	1048336		GCA_964432895.1		65.5	NA	203682 [phylum] Planctomycetota	2517206 [class] Candidatus Brocadiia	1127829 [order] Candidatus Brocadiales	1127830 [family] Candidatus Brocadiaceae	380738 [genus] Candidatus Kuenenia	1048336 [species] uncultured Candidatus Kuenenia sp.
uncultured candidatus Brocadiaceae bacterium	1735459		GCA_964434535.1		71.5	NA	203682 [phylum] Planctomycetota	2517206 [class] Candidatus Brocadiia	1127829 [order] Candidatus Brocadiales	1127830 [family] Candidatus Brocadiaceae	NA	1735459 [species] uncultured candidatus Brocadiaceae bacterium
uncultured Candidatus Scalindua sp.	592975		GCA_964437425.1		40.0	NA	203682 [phylum] Planctomycetota	2517206 [class] Candidatus Brocadiia	1127829 [order] Candidatus Brocadiales	2897346 [family] Candidatus Scalinduaceae	236756 [genus] Candidatus Scalindua	592975 [species] uncultured Candidatus Scalindua sp.
uncultured Candidatus Scalindua sp.	592975		GCA_964438395.1		40.0	NA	203682 [phylum] Planctomycetota	2517206 [class] Candidatus Brocadiia	1127829 [order] Candidatus Brocadiales	2897346 [family] Candidatus Scalinduaceae	236756 [genus] Candidatus Scalindua	592975 [species] uncultured Candidatus Scalindua sp.
uncultured candidatus Brocadiaceae bacterium	1735459		GCA_964442595.1		65.0	NA	203682 [phylum] Planctomycetota	2517206 [class] Candidatus Brocadiia	1127829 [order] Candidatus Brocadiales	1127830 [family] Candidatus Brocadiaceae	NA	1735459 [species] uncultured candidatus Brocadiaceae bacterium
uncultured candidatus Brocadiaceae bacterium	1735459		GCA_964448935.1		65.5	NA	203682 [phylum] Planctomycetota	2517206 [class] Candidatus Brocadiia	1127829 [order] Candidatus Brocadiales	1127830 [family] Candidatus Brocadiaceae	NA	1735459 [species] uncultured candidatus Brocadiaceae bacterium
uncultured Candidatus Kuenenia sp.	1048336		GCA_964453165.1		68.0	NA	203682 [phylum] Planctomycetota	2517206 [class] Candidatus Brocadiia	1127829 [order] Candidatus Brocadiales	1127830 [family] Candidatus Brocadiaceae	380738 [genus] Candidatus Kuenenia	1048336 [species] uncultured Candidatus Kuenenia sp.
uncultured candidatus Brocadiaceae bacterium	1735459		GCA_964463415.1		41.5	NA	203682 [phylum] Planctomycetota	2517206 [class] Candidatus Brocadiia	1127829 [order] Candidatus Brocadiales	1127830 [family] Candidatus Brocadiaceae	NA	1735459 [species] uncultured candidatus Brocadiaceae bacterium
uncultured candidatus Brocadiaceae bacterium	1735459		GCA_964469555.1		63.5	NA	203682 [phylum] Planctomycetota	2517206 [class] Candidatus Brocadiia	1127829 [order] Candidatus Brocadiales	1127830 [family] Candidatus Brocadiaceae	NA	1735459 [species] uncultured candidatus Brocadiaceae bacterium
uncultured candidatus Brocadiaceae bacterium	1735459		GCA_964473085.1		65.5	NA	203682 [phylum] Planctomycetota	2517206 [class] Candidatus Brocadiia	1127829 [order] Candidatus Brocadiales	1127830 [family] Candidatus Brocadiaceae	NA	1735459 [species] uncultured candidatus Brocadiaceae bacterium
uncultured Candidatus Kuenenia sp.	1048336		GCA_964477765.1		66.0	NA	203682 [phylum] Planctomycetota	2517206 [class] Candidatus Brocadiia	1127829 [order] Candidatus Brocadiales	1127830 [family] Candidatus Brocadiaceae	380738 [genus] Candidatus Kuenenia	1048336 [species] uncultured Candidatus Kuenenia sp.
uncultured Candidatus Kuenenia sp.	1048336		GCA_964478275.1		64.5	NA	203682 [phylum] Planctomycetota	2517206 [class] Candidatus Brocadiia	1127829 [order] Candidatus Brocadiales	1127830 [family] Candidatus Brocadiaceae	380738 [genus] Candidatus Kuenenia	1048336 [species] uncultured Candidatus Kuenenia sp.
uncultured candidatus Brocadiaceae bacterium	1735459		GCA_964483245.1		70.0	NA	203682 [phylum] Planctomycetota	2517206 [class] Candidatus Brocadiia	1127829 [order] Candidatus Brocadiales	1127830 [family] Candidatus Brocadiaceae	NA	1735459 [species] uncultured candidatus Brocadiaceae bacterium
uncultured Candidatus Brocadia sp.	397282		GCA_964490485.1		43.5	NA	203682 [phylum] Planctomycetota	2517206 [class] Candidatus Brocadiia	1127829 [order] Candidatus Brocadiales	1127830 [family] Candidatus Brocadiaceae	380240 [genus] Candidatus Brocadia	397282 [species] uncultured Candidatus Brocadia sp.
uncultured Candidatus Kuenenia sp.	1048336		GCA_964498325.1		64.0	NA	203682 [phylum] Planctomycetota	2517206 [class] Candidatus Brocadiia	1127829 [order] Candidatus Brocadiales	1127830 [family] Candidatus Brocadiaceae	380738 [genus] Candidatus Kuenenia	1048336 [species] uncultured Candidatus Kuenenia sp.
uncultured Candidatus Kuenenia sp.	1048336		GCA_964499995.1		48.0	NA	203682 [phylum] Planctomycetota	2517206 [class] Candidatus Brocadiia	1127829 [order] Candidatus Brocadiales	1127830 [family] Candidatus Brocadiaceae	380738 [genus] Candidatus Kuenenia	1048336 [species] uncultured Candidatus Kuenenia sp.
uncultured Candidatus Kuenenia sp.	1048336		GCA_964508125.1		68.5	NA	203682 [phylum] Planctomycetota	2517206 [class] Candidatus Brocadiia	1127829 [order] Candidatus Brocadiales	1127830 [family] Candidatus Brocadiaceae	380738 [genus] Candidatus Kuenenia	1048336 [species] uncultured Candidatus Kuenenia sp.
uncultured candidatus Brocadiaceae bacterium	1735459		GCA_964510315.1		66.0	NA	203682 [phylum] Planctomycetota	2517206 [class] Candidatus Brocadiia	1127829 [order] Candidatus Brocadiales	1127830 [family] Candidatus Brocadiaceae	NA	1735459 [species] uncultured candidatus Brocadiaceae bacterium
uncultured candidatus Brocadiaceae bacterium	1735459		GCA_964521715.1		67.5	NA	203682 [phylum] Planctomycetota	2517206 [class] Candidatus Brocadiia	1127829 [order] Candidatus Brocadiales	1127830 [family] Candidatus Brocadiaceae	NA	1735459 [species] uncultured candidatus Brocadiaceae bacterium
uncultured candidatus Brocadiaceae bacterium	1735459		GCA_964527935.1		41.0	NA	203682 [phylum] Planctomycetota	2517206 [class] Candidatus Brocadiia	1127829 [order] Candidatus Brocadiales	1127830 [family] Candidatus Brocadiaceae	NA	1735459 [species] uncultured candidatus Brocadiaceae bacterium
uncultured candidatus Brocadiaceae bacterium	1735459		GCA_964534775.1		65.0	NA	203682 [phylum] Planctomycetota	2517206 [class] Candidatus Brocadiia	1127829 [order] Candidatus Brocadiales	1127830 [family] Candidatus Brocadiaceae	NA	1735459 [species] uncultured candidatus Brocadiaceae bacterium
uncultured candidatus Brocadiaceae bacterium	1735459		GCA_964538915.1		69.5	NA	203682 [phylum] Planctomycetota	2517206 [class] Candidatus Brocadiia	1127829 [order] Candidatus Brocadiales	1127830 [family] Candidatus Brocadiaceae	NA	1735459 [species] uncultured candidatus Brocadiaceae bacterium
uncultured Candidatus Kuenenia sp.	1048336		GCA_964542055.1		41.5	NA	203682 [phylum] Planctomycetota	2517206 [class] Candidatus Brocadiia	1127829 [order] Candidatus Brocadiales	1127830 [family] Candidatus Brocadiaceae	380738 [genus] Candidatus Kuenenia	1048336 [species] uncultured Candidatus Kuenenia sp.
uncultured candidatus Brocadiaceae bacterium	1735459		GCA_964542765.1		60.0	NA	203682 [phylum] Planctomycetota	2517206 [class] Candidatus Brocadiia	1127829 [order] Candidatus Brocadiales	1127830 [family] Candidatus Brocadiaceae	NA	1735459 [species] uncultured candidatus Brocadiaceae bacterium
uncultured candidatus Brocadiaceae bacterium	1735459		GCA_964543795.1		71.5	NA	203682 [phylum] Planctomycetota	2517206 [class] Candidatus Brocadiia	1127829 [order] Candidatus Brocadiales	1127830 [family] Candidatus Brocadiaceae	NA	1735459 [species] uncultured candidatus Brocadiaceae bacterium
uncultured Candidatus Kuenenia sp.	1048336		GCA_964545915.1		70.0	NA	203682 [phylum] Planctomycetota	2517206 [class] Candidatus Brocadiia	1127829 [order] Candidatus Brocadiales	1127830 [family] Candidatus Brocadiaceae	380738 [genus] Candidatus Kuenenia	1048336 [species] uncultured Candidatus Kuenenia sp.
uncultured candidatus Brocadiaceae bacterium	1735459		GCA_964550605.1		65.0	NA	203682 [phylum] Planctomycetota	2517206 [class] Candidatus Brocadiia	1127829 [order] Candidatus Brocadiales	1127830 [family] Candidatus Brocadiaceae	NA	1735459 [species] uncultured candidatus Brocadiaceae bacterium
uncultured Candidatus Kuenenia sp.	1048336		GCA_964556995.1		70.5	NA	203682 [phylum] Planctomycetota	2517206 [class] Candidatus Brocadiia	1127829 [order] Candidatus Brocadiales	1127830 [family] Candidatus Brocadiaceae	380738 [genus] Candidatus Kuenenia	1048336 [species] uncultured Candidatus Kuenenia sp.
uncultured candidatus Brocadiaceae bacterium	1735459		GCA_964565715.1		72.0	NA	203682 [phylum] Planctomycetota	2517206 [class] Candidatus Brocadiia	1127829 [order] Candidatus Brocadiales	1127830 [family] Candidatus Brocadiaceae	NA	1735459 [species] uncultured candidatus Brocadiaceae bacterium
uncultured candidatus Brocadiaceae bacterium	1735459		GCA_964566995.1		44.0	NA	203682 [phylum] Planctomycetota	2517206 [class] Candidatus Brocadiia	1127829 [order] Candidatus Brocadiales	1127830 [family] Candidatus Brocadiaceae	NA	1735459 [species] uncultured candidatus Brocadiaceae bacterium
uncultured candidatus Brocadiaceae bacterium	1735459		GCA_964572825.1		65.5	NA	203682 [phylum] Planctomycetota	2517206 [class] Candidatus Brocadiia	1127829 [order] Candidatus Brocadiales	1127830 [family] Candidatus Brocadiaceae	NA	1735459 [species] uncultured candidatus Brocadiaceae bacterium
uncultured Candidatus Kuenenia sp.	1048336		GCA_964578555.1		65.5	NA	203682 [phylum] Planctomycetota	2517206 [class] Candidatus Brocadiia	1127829 [order] Candidatus Brocadiales	1127830 [family] Candidatus Brocadiaceae	380738 [genus] Candidatus Kuenenia	1048336 [species] uncultured Candidatus Kuenenia sp.
uncultured Candidatus Kuenenia sp.	1048336		GCA_964581055.1		66.5	NA	203682 [phylum] Planctomycetota	2517206 [class] Candidatus Brocadiia	1127829 [order] Candidatus Brocadiales	1127830 [family] Candidatus Brocadiaceae	380738 [genus] Candidatus Kuenenia	1048336 [species] uncultured Candidatus Kuenenia sp.
uncultured Candidatus Scalindua sp.	592975		GCA_964584595.1		39.5	NA	203682 [phylum] Planctomycetota	2517206 [class] Candidatus Brocadiia	1127829 [order] Candidatus Brocadiales	2897346 [family] Candidatus Scalinduaceae	236756 [genus] Candidatus Scalindua	592975 [species] uncultured Candidatus Scalindua sp.
uncultured candidatus Brocadiaceae bacterium	1735459		GCA_964589115.1		39.5	NA	203682 [phylum] Planctomycetota	2517206 [class] Candidatus Brocadiia	1127829 [order] Candidatus Brocadiales	1127830 [family] Candidatus Brocadiaceae	NA	1735459 [species] uncultured candidatus Brocadiaceae bacterium
uncultured candidatus Brocadiaceae bacterium	1735459		GCA_964592385.1		68.0	NA	203682 [phylum] Planctomycetota	2517206 [class] Candidatus Brocadiia	1127829 [order] Candidatus Brocadiales	1127830 [family] Candidatus Brocadiaceae	NA	1735459 [species] uncultured candidatus Brocadiaceae bacterium
uncultured candidatus Brocadiaceae bacterium	1735459		GCA_964605915.1		66.0	NA	203682 [phylum] Planctomycetota	2517206 [class] Candidatus Brocadiia	1127829 [order] Candidatus Brocadiales	1127830 [family] Candidatus Brocadiaceae	NA	1735459 [species] uncultured candidatus Brocadiaceae bacterium
uncultured candidatus Brocadiaceae bacterium	1735459		GCA_964607495.1		70.0	NA	203682 [phylum] Planctomycetota	2517206 [class] Candidatus Brocadiia	1127829 [order] Candidatus Brocadiales	1127830 [family] Candidatus Brocadiaceae	NA	1735459 [species] uncultured candidatus Brocadiaceae bacterium
uncultured candidatus Brocadiaceae bacterium	1735459		GCA_964612995.1		68.0	NA	203682 [phylum] Planctomycetota	2517206 [class] Candidatus Brocadiia	1127829 [order] Candidatus Brocadiales	1127830 [family] Candidatus Brocadiaceae	NA	1735459 [species] uncultured candidatus Brocadiaceae bacterium
uncultured candidatus Brocadiaceae bacterium	1735459		GCA_964615255.1		71.5	NA	203682 [phylum] Planctomycetota	2517206 [class] Candidatus Brocadiia	1127829 [order] Candidatus Brocadiales	1127830 [family] Candidatus Brocadiaceae	NA	1735459 [species] uncultured candidatus Brocadiaceae bacterium
uncultured Candidatus Kuenenia sp.	1048336		GCA_964629985.1		68.0	NA	203682 [phylum] Planctomycetota	2517206 [class] Candidatus Brocadiia	1127829 [order] Candidatus Brocadiales	1127830 [family] Candidatus Brocadiaceae	380738 [genus] Candidatus Kuenenia	1048336 [species] uncultured Candidatus Kuenenia sp.
uncultured Candidatus Kuenenia sp.	1048336		GCA_964634775.1		67.5	NA	203682 [phylum] Planctomycetota	2517206 [class] Candidatus Brocadiia	1127829 [order] Candidatus Brocadiales	1127830 [family] Candidatus Brocadiaceae	380738 [genus] Candidatus Kuenenia	1048336 [species] uncultured Candidatus Kuenenia sp.
uncultured candidatus Brocadiaceae bacterium	1735459		GCA_964639345.1		65.5	NA	203682 [phylum] Planctomycetota	2517206 [class] Candidatus Brocadiia	1127829 [order] Candidatus Brocadiales	1127830 [family] Candidatus Brocadiaceae	NA	1735459 [species] uncultured candidatus Brocadiaceae bacterium
uncultured Candidatus Kuenenia sp.	1048336		GCA_964640405.1		69.0	NA	203682 [phylum] Planctomycetota	2517206 [class] Candidatus Brocadiia	1127829 [order] Candidatus Brocadiales	1127830 [family] Candidatus Brocadiaceae	380738 [genus] Candidatus Kuenenia	1048336 [species] uncultured Candidatus Kuenenia sp.
uncultured candidatus Brocadiaceae bacterium	1735459		GCA_964643735.1		68.5	NA	203682 [phylum] Planctomycetota	2517206 [class] Candidatus Brocadiia	1127829 [order] Candidatus Brocadiales	1127830 [family] Candidatus Brocadiaceae	NA	1735459 [species] uncultured candidatus Brocadiaceae bacterium
uncultured candidatus Brocadiaceae bacterium	1735459		GCA_964644705.1		55.0	NA	203682 [phylum] Planctomycetota	2517206 [class] Candidatus Brocadiia	1127829 [order] Candidatus Brocadiales	1127830 [family] Candidatus Brocadiaceae	NA	1735459 [species] uncultured candidatus Brocadiaceae bacterium
uncultured Candidatus Kuenenia sp.	1048336		GCA_964646215.1		45.0	NA	203682 [phylum] Planctomycetota	2517206 [class] Candidatus Brocadiia	1127829 [order] Candidatus Brocadiales	1127830 [family] Candidatus Brocadiaceae	380738 [genus] Candidatus Kuenenia	1048336 [species] uncultured Candidatus Kuenenia sp.
uncultured candidatus Brocadiaceae bacterium	1735459		GCA_964652775.1		59.5	NA	203682 [phylum] Planctomycetota	2517206 [class] Candidatus Brocadiia	1127829 [order] Candidatus Brocadiales	1127830 [family] Candidatus Brocadiaceae	NA	1735459 [species] uncultured candidatus Brocadiaceae bacterium
uncultured Candidatus Kuenenia sp.	1048336		GCA_964654035.1		73.0	NA	203682 [phylum] Planctomycetota	2517206 [class] Candidatus Brocadiia	1127829 [order] Candidatus Brocadiales	1127830 [family] Candidatus Brocadiaceae	380738 [genus] Candidatus Kuenenia	1048336 [species] uncultured Candidatus Kuenenia sp.
uncultured Candidatus Kuenenia sp.	1048336		GCA_964654285.1		68.0	NA	203682 [phylum] Planctomycetota	2517206 [class] Candidatus Brocadiia	1127829 [order] Candidatus Brocadiales	1127830 [family] Candidatus Brocadiaceae	380738 [genus] Candidatus Kuenenia	1048336 [species] uncultured Candidatus Kuenenia sp.
uncultured Candidatus Kuenenia sp.	1048336		GCA_964654685.1		69.5	NA	203682 [phylum] Planctomycetota	2517206 [class] Candidatus Brocadiia	1127829 [order] Candidatus Brocadiales	1127830 [family] Candidatus Brocadiaceae	380738 [genus] Candidatus Kuenenia	1048336 [species] uncultured Candidatus Kuenenia sp.
uncultured candidatus Brocadiaceae bacterium	1735459		GCA_964655775.1		65.0	NA	203682 [phylum] Planctomycetota	2517206 [class] Candidatus Brocadiia	1127829 [order] Candidatus Brocadiales	1127830 [family] Candidatus Brocadiaceae	NA	1735459 [species] uncultured candidatus Brocadiaceae bacterium
Candidatus Scalinduaceae bacterium	3015208		GCA_965222815.1		40.0	NA	203682 [phylum] Planctomycetota	2517206 [class] Candidatus Brocadiia	1127829 [order] Candidatus Brocadiales	2897346 [family] Candidatus Scalinduaceae	NA	3015208 [species] Candidatus Scalinduaceae bacterium
Candidatus Jettenia caeni	247490		GCF_000296795.1			NA	203682 [phylum] Planctomycetota	2517206 [class] Candidatus Brocadiia	1127829 [order] Candidatus Brocadiales	1127830 [family] Candidatus Brocadiaceae	360731 [genus] Candidatus Jettenia	247490 [species] Candidatus Jettenia caeni
Candidatus Scalindua brodae	237368		GCF_000786775.1			NA	203682 [phylum] Planctomycetota	2517206 [class] Candidatus Brocadiia	1127829 [order] Candidatus Brocadiales	2897346 [family] Candidatus Scalinduaceae	236756 [genus] Candidatus Scalindua	237368 [species] Candidatus Scalindua brodae
Candidatus Brocadia sinica JPN1	1197129	795830	GCF_000949635.1	94.83	42.5	NA	203682 [phylum] Planctomycetota	2517206 [class] Candidatus Brocadiia	1127829 [order] Candidatus Brocadiales	1127830 [family] Candidatus Brocadiaceae	380240 [genus] Candidatus Brocadia	795830 [species] Candidatus Brocadia sinica
Candidatus Brocadia sapporoensis	392547	392547	GCF_001753675.2	89.66	42.5	NA	203682 [phylum] Planctomycetota	2517206 [class] Candidatus Brocadiia	1127829 [order] Candidatus Brocadiales	1127830 [family] Candidatus Brocadiaceae	380240 [genus] Candidatus Brocadia	392547 [species] Candidatus Brocadia sapporoensis
Candidatus Scalindua japonica	1284222	1284222	GCF_002443295.1	93.1	39.0	NA	203682 [phylum] Planctomycetota	2517206 [class] Candidatus Brocadiia	1127829 [order] Candidatus Brocadiales	2897346 [family] Candidatus Scalinduaceae	236756 [genus] Candidatus Scalindua	1284222 [species] Candidatus Scalindua japonica
Candidatus Brocadiaceae bacterium S225	2528033		GCF_007859995.1			NA	203682 [phylum] Planctomycetota	2517206 [class] Candidatus Brocadiia	1127829 [order] Candidatus Brocadiales	1127830 [family] Candidatus Brocadiaceae	NA	2528033 [species] Candidatus Brocadiaceae bacterium S225
Candidatus Brocadiaceae bacterium B188	2528032		GCF_007860005.1			NA	203682 [phylum] Planctomycetota	2517206 [class] Candidatus Brocadiia	1127829 [order] Candidatus Brocadiales	1127830 [family] Candidatus Brocadiaceae	NA	2528032 [species] Candidatus Brocadiaceae bacterium B188
Candidatus Kuenenia stuttgartiensis	174633	174633	GCF_011066545.1	94.83	41.0	NA	203682 [phylum] Planctomycetota	2517206 [class] Candidatus Brocadiia	1127829 [order] Candidatus Brocadiales	1127830 [family] Candidatus Brocadiaceae	380738 [genus] Candidatus Kuenenia	174633 [species] Candidatus Kuenenia stuttgartiensis
Candidatus Kuenenia sp.	2499824	2499824	GCF_027493735.1	93.97	41.0	NA	203682 [phylum] Planctomycetota	2517206 [class] Candidatus Brocadiia	1127829 [order] Candidatus Brocadiales	1127830 [family] Candidatus Brocadiaceae	380738 [genus] Candidatus Kuenenia	2499824 [species] Candidatus Kuenenia sp.
Candidatus Brocadia sp. AMX2	2293635	2293635	GCF_030263755.1	99.02	42.5	NA	203682 [phylum] Planctomycetota	2517206 [class] Candidatus Brocadiia	1127829 [order] Candidatus Brocadiales	1127830 [family] Candidatus Brocadiaceae	380240 [genus] Candidatus Brocadia	2293635 [species] Candidatus Brocadia sp. AMX2
Candidatus Jettenia sp. AMX1	2293637	2293637	GCF_030263775.1	98.28	40.0	NA	203682 [phylum] Planctomycetota	2517206 [class] Candidatus Brocadiia	1127829 [order] Candidatus Brocadiales	1127830 [family] Candidatus Brocadiaceae	360731 [genus] Candidatus Jettenia	2293637 [species] Candidatus Jettenia sp. AMX1
Candidatus Kuenenia sp.	2499824	2499824	GCF_039794105.1	94.83	41.0	NA	203682 [phylum] Planctomycetota	2517206 [class] Candidatus Brocadiia	1127829 [order] Candidatus Brocadiales	1127830 [family] Candidatus Brocadiaceae	380738 [genus] Candidatus Kuenenia	2499824 [species] Candidatus Kuenenia sp.
Candidatus Kuenenia sp.	2499824	2499824	GCF_048500235.1	94.83	41.0	NA	203682 [phylum] Planctomycetota	2517206 [class] Candidatus Brocadiia	1127829 [order] Candidatus Brocadiales	1127830 [family] Candidatus Brocadiaceae	380738 [genus] Candidatus Kuenenia	2499824 [species] Candidatus Kuenenia sp.
Candidatus Kuenenia stuttgartiensis	174633	174633	GCF_900232105.1	94.83	41.0	NA	203682 [phylum] Planctomycetota	2517206 [class] Candidatus Brocadiia	1127829 [order] Candidatus Brocadiales	1127830 [family] Candidatus Brocadiaceae	380738 [genus] Candidatus Kuenenia	174633 [species] Candidatus Kuenenia stuttgartiensis
Candidatus Kuenenia stuttgartiensis	174633	174633	GCF_900232175.1	94.83	41.0	NA	203682 [phylum] Planctomycetota	2517206 [class] Candidatus Brocadiia	1127829 [order] Candidatus Brocadiales	1127830 [family] Candidatus Brocadiaceae	380738 [genus] Candidatus Kuenenia	174633 [species] Candidatus Kuenenia stuttgartiensis
uncultured Candidatus Kuenenia sp.	1048336	1048336	GCF_900696675.1	99.41	40.5	NA	203682 [phylum] Planctomycetota	2517206 [class] Candidatus Brocadiia	1127829 [order] Candidatus Brocadiales	1127830 [family] Candidatus Brocadiaceae	380738 [genus] Candidatus Kuenenia	1048336 [species] uncultured Candidatus Kuenenia sp.
